"State","Measure Name","Measure ID","Number of Hospitals Worse","Number of Hospitals Same","Number of Hospitals Better","Number of Hospitals Too Few","Footnote","Measure Start Date","Measure End Date"
"AK","Acute Myocardial Infarction (AMI) 30-Day Mortality Rate","MORT_30_AMI","0","5","0","13","","07/01/2011","06/30/2014"
"AL","Acute Myocardial Infarction (AMI) 30-Day Mortality Rate","MORT_30_AMI","0","45","0","51","","07/01/2011","06/30/2014"
"AR","Acute Myocardial Infarction (AMI) 30-Day Mortality Rate","MORT_30_AMI","0","28","0","47","","07/01/2011","06/30/2014"
"AS","Acute Myocardial Infarction (AMI) 30-Day Mortality Rate","MORT_30_AMI","0","0","0","1","","07/01/2011","06/30/2014"
"AZ","Acute Myocardial Infarction (AMI) 30-Day Mortality Rate","MORT_30_AMI","0","49","0","20","","07/01/2011","06/30/2014"
"CA","Acute Myocardial Infarction (AMI) 30-Day Mortality Rate","MORT_30_AMI","0","214","3","109","","07/01/2011","06/30/2014"
"CO","Acute Myocardial Infarction (AMI) 30-Day Mortality Rate","MORT_30_AMI","0","34","0","35","","07/01/2011","06/30/2014"
"CT","Acute Myocardial Infarction (AMI) 30-Day Mortality Rate","MORT_30_AMI","0","29","1","2","","07/01/2011","06/30/2014"
"DC","Acute Myocardial Infarction (AMI) 30-Day Mortality Rate","MORT_30_AMI","0","8","0","0","","07/01/2011","06/30/2014"
"DE","Acute Myocardial Infarction (AMI) 30-Day Mortality Rate","MORT_30_AMI","0","6","0","1","","07/01/2011","06/30/2014"
"FL","Acute Myocardial Infarction (AMI) 30-Day Mortality Rate","MORT_30_AMI","0","156","2","26","","07/01/2011","06/30/2014"
"GA","Acute Myocardial Infarction (AMI) 30-Day Mortality Rate","MORT_30_AMI","0","69","0","64","","07/01/2011","06/30/2014"
"GU","Acute Myocardial Infarction (AMI) 30-Day Mortality Rate","MORT_30_AMI","0","1","0","0","","07/01/2011","06/30/2014"
"HI","Acute Myocardial Infarction (AMI) 30-Day Mortality Rate","MORT_30_AMI","0","10","0","5","","07/01/2011","06/30/2014"
"IA","Acute Myocardial Infarction (AMI) 30-Day Mortality Rate","MORT_30_AMI","1","29","0","82","","07/01/2011","06/30/2014"
"ID","Acute Myocardial Infarction (AMI) 30-Day Mortality Rate","MORT_30_AMI","0","10","0","25","","07/01/2011","06/30/2014"
"IL","Acute Myocardial Infarction (AMI) 30-Day Mortality Rate","MORT_30_AMI","0","111","2","69","","07/01/2011","06/30/2014"
"IN","Acute Myocardial Infarction (AMI) 30-Day Mortality Rate","MORT_30_AMI","0","66","1","50","","07/01/2011","06/30/2014"
"KS","Acute Myocardial Infarction (AMI) 30-Day Mortality Rate","MORT_30_AMI","0","25","0","90","","07/01/2011","06/30/2014"
"KY","Acute Myocardial Infarction (AMI) 30-Day Mortality Rate","MORT_30_AMI","0","48","0","47","","07/01/2011","06/30/2014"
"LA","Acute Myocardial Infarction (AMI) 30-Day Mortality Rate","MORT_30_AMI","2","46","0","48","","07/01/2011","06/30/2014"
"MA","Acute Myocardial Infarction (AMI) 30-Day Mortality Rate","MORT_30_AMI","0","54","3","7","","07/01/2011","06/30/2014"
"MD","Acute Myocardial Infarction (AMI) 30-Day Mortality Rate","MORT_30_AMI","1","42","0","4","","07/01/2011","06/30/2014"
"ME","Acute Myocardial Infarction (AMI) 30-Day Mortality Rate","MORT_30_AMI","1","29","0","7","","07/01/2011","06/30/2014"
"MI","Acute Myocardial Infarction (AMI) 30-Day Mortality Rate","MORT_30_AMI","0","76","3","49","","07/01/2011","06/30/2014"
"MN","Acute Myocardial Infarction (AMI) 30-Day Mortality Rate","MORT_30_AMI","1","28","0","89","","07/01/2011","06/30/2014"
"MO","Acute Myocardial Infarction (AMI) 30-Day Mortality Rate","MORT_30_AMI","2","55","1","54","","07/01/2011","06/30/2014"
"MP","Acute Myocardial Infarction (AMI) 30-Day Mortality Rate","MORT_30_AMI","0","1","0","0","","07/01/2011","06/30/2014"
"MS","Acute Myocardial Infarction (AMI) 30-Day Mortality Rate","MORT_30_AMI","0","31","0","52","","07/01/2011","06/30/2014"
"MT","Acute Myocardial Infarction (AMI) 30-Day Mortality Rate","MORT_30_AMI","0","9","0","34","","07/01/2011","06/30/2014"
"NC","Acute Myocardial Infarction (AMI) 30-Day Mortality Rate","MORT_30_AMI","0","75","3","28","","07/01/2011","06/30/2014"
"ND","Acute Myocardial Infarction (AMI) 30-Day Mortality Rate","MORT_30_AMI","0","7","0","32","","07/01/2011","06/30/2014"
"NE","Acute Myocardial Infarction (AMI) 30-Day Mortality Rate","MORT_30_AMI","0","20","0","53","","07/01/2011","06/30/2014"
"NH","Acute Myocardial Infarction (AMI) 30-Day Mortality Rate","MORT_30_AMI","0","20","0","6","","07/01/2011","06/30/2014"
"NJ","Acute Myocardial Infarction (AMI) 30-Day Mortality Rate","MORT_30_AMI","1","60","1","4","","07/01/2011","06/30/2014"
"NM","Acute Myocardial Infarction (AMI) 30-Day Mortality Rate","MORT_30_AMI","0","12","0","24","","07/01/2011","06/30/2014"
"NV","Acute Myocardial Infarction (AMI) 30-Day Mortality Rate","MORT_30_AMI","1","19","0","13","","07/01/2011","06/30/2014"
"NY","Acute Myocardial Infarction (AMI) 30-Day Mortality Rate","MORT_30_AMI","3","135","7","32","","07/01/2011","06/30/2014"
"OH","Acute Myocardial Infarction (AMI) 30-Day Mortality Rate","MORT_30_AMI","0","102","2","55","","07/01/2011","06/30/2014"
"OK","Acute Myocardial Infarction (AMI) 30-Day Mortality Rate","MORT_30_AMI","0","34","0","68","","07/01/2011","06/30/2014"
"OR","Acute Myocardial Infarction (AMI) 30-Day Mortality Rate","MORT_30_AMI","0","24","1","34","","07/01/2011","06/30/2014"
"PA","Acute Myocardial Infarction (AMI) 30-Day Mortality Rate","MORT_30_AMI","1","123","4","36","","07/01/2011","06/30/2014"
"PR","Acute Myocardial Infarction (AMI) 30-Day Mortality Rate","MORT_30_AMI","0","12","1","35","","07/01/2011","06/30/2014"
"RI","Acute Myocardial Infarction (AMI) 30-Day Mortality Rate","MORT_30_AMI","0","10","1","0","","07/01/2011","06/30/2014"
"SC","Acute Myocardial Infarction (AMI) 30-Day Mortality Rate","MORT_30_AMI","0","39","0","23","","07/01/2011","06/30/2014"
"SD","Acute Myocardial Infarction (AMI) 30-Day Mortality Rate","MORT_30_AMI","0","11","0","39","","07/01/2011","06/30/2014"
"TN","Acute Myocardial Infarction (AMI) 30-Day Mortality Rate","MORT_30_AMI","0","58","1","53","","07/01/2011","06/30/2014"
"TX","Acute Myocardial Infarction (AMI) 30-Day Mortality Rate","MORT_30_AMI","5","172","2","153","","07/01/2011","06/30/2014"
"UT","Acute Myocardial Infarction (AMI) 30-Day Mortality Rate","MORT_30_AMI","0","15","0","18","","07/01/2011","06/30/2014"
"VA","Acute Myocardial Infarction (AMI) 30-Day Mortality Rate","MORT_30_AMI","0","67","0","16","","07/01/2011","06/30/2014"
"VI","Acute Myocardial Infarction (AMI) 30-Day Mortality Rate","MORT_30_AMI","0","1","0","1","","07/01/2011","06/30/2014"
"VT","Acute Myocardial Infarction (AMI) 30-Day Mortality Rate","MORT_30_AMI","0","11","0","4","","07/01/2011","06/30/2014"
"WA","Acute Myocardial Infarction (AMI) 30-Day Mortality Rate","MORT_30_AMI","0","47","0","38","","07/01/2011","06/30/2014"
"WI","Acute Myocardial Infarction (AMI) 30-Day Mortality Rate","MORT_30_AMI","1","57","1","61","","07/01/2011","06/30/2014"
"WV","Acute Myocardial Infarction (AMI) 30-Day Mortality Rate","MORT_30_AMI","1","26","1","25","","07/01/2011","06/30/2014"
"WY","Acute Myocardial Infarction (AMI) 30-Day Mortality Rate","MORT_30_AMI","0","3","0","22","","07/01/2011","06/30/2014"
"AK","Heart failure (HF) 30-Day Mortality Rate","MORT_30_HF","1","8","0","13","","07/01/2011","06/30/2014"
"AL","Heart failure (HF) 30-Day Mortality Rate","MORT_30_HF","2","80","0","15","","07/01/2011","06/30/2014"
"AR","Heart failure (HF) 30-Day Mortality Rate","MORT_30_HF","9","62","0","4","","07/01/2011","06/30/2014"
"AS","Heart failure (HF) 30-Day Mortality Rate","MORT_30_HF","0","0","0","1","","07/01/2011","06/30/2014"
"AZ","Heart failure (HF) 30-Day Mortality Rate","MORT_30_HF","0","55","0","22","","07/01/2011","06/30/2014"
"CA","Heart failure (HF) 30-Day Mortality Rate","MORT_30_HF","7","248","22","58","","07/01/2011","06/30/2014"
"CO","Heart failure (HF) 30-Day Mortality Rate","MORT_30_HF","0","50","0","25","","07/01/2011","06/30/2014"
"CT","Heart failure (HF) 30-Day Mortality Rate","MORT_30_HF","0","29","2","1","","07/01/2011","06/30/2014"
"DC","Heart failure (HF) 30-Day Mortality Rate","MORT_30_HF","0","6","2","0","","07/01/2011","06/30/2014"
"DE","Heart failure (HF) 30-Day Mortality Rate","MORT_30_HF","0","6","1","0","","07/01/2011","06/30/2014"
"FL","Heart failure (HF) 30-Day Mortality Rate","MORT_30_HF","4","167","10","8","","07/01/2011","06/30/2014"
"GA","Heart failure (HF) 30-Day Mortality Rate","MORT_30_HF","0","110","5","29","","07/01/2011","06/30/2014"
"GU","Heart failure (HF) 30-Day Mortality Rate","MORT_30_HF","0","1","0","0","","07/01/2011","06/30/2014"
"HI","Heart failure (HF) 30-Day Mortality Rate","MORT_30_HF","0","13","0","5","","07/01/2011","06/30/2014"
"IA","Heart failure (HF) 30-Day Mortality Rate","MORT_30_HF","2","88","0","28","","07/01/2011","06/30/2014"
"ID","Heart failure (HF) 30-Day Mortality Rate","MORT_30_HF","1","18","0","21","","07/01/2011","06/30/2014"
"IL","Heart failure (HF) 30-Day Mortality Rate","MORT_30_HF","6","155","17","5","","07/01/2011","06/30/2014"
"IN","Heart failure (HF) 30-Day Mortality Rate","MORT_30_HF","5","110","1","6","","07/01/2011","06/30/2014"
"KS","Heart failure (HF) 30-Day Mortality Rate","MORT_30_HF","1","76","0","54","","07/01/2011","06/30/2014"
"KY","Heart failure (HF) 30-Day Mortality Rate","MORT_30_HF","2","87","1","6","","07/01/2011","06/30/2014"
"LA","Heart failure (HF) 30-Day Mortality Rate","MORT_30_HF","1","84","2","23","","07/01/2011","06/30/2014"
"MA","Heart failure (HF) 30-Day Mortality Rate","MORT_30_HF","0","49","13","2","","07/01/2011","06/30/2014"
"MD","Heart failure (HF) 30-Day Mortality Rate","MORT_30_HF","1","41","5","1","","07/01/2011","06/30/2014"
"ME","Heart failure (HF) 30-Day Mortality Rate","MORT_30_HF","0","36","0","1","","07/01/2011","06/30/2014"
"MI","Heart failure (HF) 30-Day Mortality Rate","MORT_30_HF","2","107","8","15","","07/01/2011","06/30/2014"
"MN","Heart failure (HF) 30-Day Mortality Rate","MORT_30_HF","0","76","1","53","","07/01/2011","06/30/2014"
"MO","Heart failure (HF) 30-Day Mortality Rate","MORT_30_HF","2","100","3","13","","07/01/2011","06/30/2014"
"MP","Heart failure (HF) 30-Day Mortality Rate","MORT_30_HF","0","1","0","0","","07/01/2011","06/30/2014"
"MS","Heart failure (HF) 30-Day Mortality Rate","MORT_30_HF","0","78","0","19","","07/01/2011","06/30/2014"
"MT","Heart failure (HF) 30-Day Mortality Rate","MORT_30_HF","0","21","0","37","","07/01/2011","06/30/2014"
"NC","Heart failure (HF) 30-Day Mortality Rate","MORT_30_HF","4","97","1","10","","07/01/2011","06/30/2014"
"ND","Heart failure (HF) 30-Day Mortality Rate","MORT_30_HF","0","22","0","20","","07/01/2011","06/30/2014"
"NE","Heart failure (HF) 30-Day Mortality Rate","MORT_30_HF","2","42","0","41","","07/01/2011","06/30/2014"
"NH","Heart failure (HF) 30-Day Mortality Rate","MORT_30_HF","1","23","0","2","","07/01/2011","06/30/2014"
"NJ","Heart failure (HF) 30-Day Mortality Rate","MORT_30_HF","0","60","5","1","","07/01/2011","06/30/2014"
"NM","Heart failure (HF) 30-Day Mortality Rate","MORT_30_HF","1","30","0","11","","07/01/2011","06/30/2014"
"NV","Heart failure (HF) 30-Day Mortality Rate","MORT_30_HF","1","29","0","4","","07/01/2011","06/30/2014"
"NY","Heart failure (HF) 30-Day Mortality Rate","MORT_30_HF","2","155","13","11","","07/01/2011","06/30/2014"
"OH","Heart failure (HF) 30-Day Mortality Rate","MORT_30_HF","1","138","10","16","","07/01/2011","06/30/2014"
"OK","Heart failure (HF) 30-Day Mortality Rate","MORT_30_HF","0","82","1","35","","07/01/2011","06/30/2014"
"OR","Heart failure (HF) 30-Day Mortality Rate","MORT_30_HF","5","46","1","9","","07/01/2011","06/30/2014"
"PA","Heart failure (HF) 30-Day Mortality Rate","MORT_30_HF","2","149","8","8","","07/01/2011","06/30/2014"
"PR","Heart failure (HF) 30-Day Mortality Rate","MORT_30_HF","0","23","0","26","","07/01/2011","06/30/2014"
"RI","Heart failure (HF) 30-Day Mortality Rate","MORT_30_HF","0","11","0","1","","07/01/2011","06/30/2014"
"SC","Heart failure (HF) 30-Day Mortality Rate","MORT_30_HF","4","54","0","6","","07/01/2011","06/30/2014"
"SD","Heart failure (HF) 30-Day Mortality Rate","MORT_30_HF","0","23","0","31","","07/01/2011","06/30/2014"
"TN","Heart failure (HF) 30-Day Mortality Rate","MORT_30_HF","2","102","0","12","","07/01/2011","06/30/2014"
"TX","Heart failure (HF) 30-Day Mortality Rate","MORT_30_HF","5","274","10","84","","07/01/2011","06/30/2014"
"UT","Heart failure (HF) 30-Day Mortality Rate","MORT_30_HF","0","25","0","18","","07/01/2011","06/30/2014"
"VA","Heart failure (HF) 30-Day Mortality Rate","MORT_30_HF","4","78","0","2","","07/01/2011","06/30/2014"
"VI","Heart failure (HF) 30-Day Mortality Rate","MORT_30_HF","0","2","0","0","","07/01/2011","06/30/2014"
"VT","Heart failure (HF) 30-Day Mortality Rate","MORT_30_HF","0","14","0","1","","07/01/2011","06/30/2014"
"WA","Heart failure (HF) 30-Day Mortality Rate","MORT_30_HF","7","58","0","24","","07/01/2011","06/30/2014"
"WI","Heart failure (HF) 30-Day Mortality Rate","MORT_30_HF","4","109","0","10","","07/01/2011","06/30/2014"
"WV","Heart failure (HF) 30-Day Mortality Rate","MORT_30_HF","1","39","3","10","","07/01/2011","06/30/2014"
"WY","Heart failure (HF) 30-Day Mortality Rate","MORT_30_HF","1","15","0","13","","07/01/2011","06/30/2014"
"AK","Pneumonia (PN) 30-Day Mortality Rate","MORT_30_PN","0","14","0","8","","07/01/2011","06/30/2014"
"AL","Pneumonia (PN) 30-Day Mortality Rate","MORT_30_PN","9","78","0","10","","07/01/2011","06/30/2014"
"AR","Pneumonia (PN) 30-Day Mortality Rate","MORT_30_PN","6","67","0","3","","07/01/2011","06/30/2014"
"AS","Pneumonia (PN) 30-Day Mortality Rate","MORT_30_PN","0","1","0","0","","07/01/2011","06/30/2014"
"AZ","Pneumonia (PN) 30-Day Mortality Rate","MORT_30_PN","4","63","2","11","","07/01/2011","06/30/2014"
"CA","Pneumonia (PN) 30-Day Mortality Rate","MORT_30_PN","16","249","26","47","","07/01/2011","06/30/2014"
"CO","Pneumonia (PN) 30-Day Mortality Rate","MORT_30_PN","1","62","1","12","","07/01/2011","06/30/2014"
"CT","Pneumonia (PN) 30-Day Mortality Rate","MORT_30_PN","0","28","4","0","","07/01/2011","06/30/2014"
"DC","Pneumonia (PN) 30-Day Mortality Rate","MORT_30_PN","0","8","0","0","","07/01/2011","06/30/2014"
"DE","Pneumonia (PN) 30-Day Mortality Rate","MORT_30_PN","0","6","1","0","","07/01/2011","06/30/2014"
"FL","Pneumonia (PN) 30-Day Mortality Rate","MORT_30_PN","5","167","12","6","","07/01/2011","06/30/2014"
"GA","Pneumonia (PN) 30-Day Mortality Rate","MORT_30_PN","9","119","3","14","","07/01/2011","06/30/2014"
"GU","Pneumonia (PN) 30-Day Mortality Rate","MORT_30_PN","1","0","0","0","","07/01/2011","06/30/2014"
"HI","Pneumonia (PN) 30-Day Mortality Rate","MORT_30_PN","0","11","0","9","","07/01/2011","06/30/2014"
"IA","Pneumonia (PN) 30-Day Mortality Rate","MORT_30_PN","4","109","1","4","","07/01/2011","06/30/2014"
"ID","Pneumonia (PN) 30-Day Mortality Rate","MORT_30_PN","1","29","0","10","","07/01/2011","06/30/2014"
"IL","Pneumonia (PN) 30-Day Mortality Rate","MORT_30_PN","7","159","13","4","","07/01/2011","06/30/2014"
"IN","Pneumonia (PN) 30-Day Mortality Rate","MORT_30_PN","5","111","1","5","","07/01/2011","06/30/2014"
"KS","Pneumonia (PN) 30-Day Mortality Rate","MORT_30_PN","8","108","0","15","","07/01/2011","06/30/2014"
"KY","Pneumonia (PN) 30-Day Mortality Rate","MORT_30_PN","7","86","3","0","","07/01/2011","06/30/2014"
"LA","Pneumonia (PN) 30-Day Mortality Rate","MORT_30_PN","6","88","1","17","","07/01/2011","06/30/2014"
"MA","Pneumonia (PN) 30-Day Mortality Rate","MORT_30_PN","0","48","16","1","","07/01/2011","06/30/2014"
"MD","Pneumonia (PN) 30-Day Mortality Rate","MORT_30_PN","0","40","7","1","","07/01/2011","06/30/2014"
"ME","Pneumonia (PN) 30-Day Mortality Rate","MORT_30_PN","0","35","1","1","","07/01/2011","06/30/2014"
"MI","Pneumonia (PN) 30-Day Mortality Rate","MORT_30_PN","3","115","10","3","","07/01/2011","06/30/2014"
"MN","Pneumonia (PN) 30-Day Mortality Rate","MORT_30_PN","1","99","1","30","","07/01/2011","06/30/2014"
"MO","Pneumonia (PN) 30-Day Mortality Rate","MORT_30_PN","5","107","3","5","","07/01/2011","06/30/2014"
"MP","Pneumonia (PN) 30-Day Mortality Rate","MORT_30_PN","0","1","0","0","","07/01/2011","06/30/2014"
"MS","Pneumonia (PN) 30-Day Mortality Rate","MORT_30_PN","11","76","0","12","","07/01/2011","06/30/2014"
"MT","Pneumonia (PN) 30-Day Mortality Rate","MORT_30_PN","0","39","1","21","","07/01/2011","06/30/2014"
"NC","Pneumonia (PN) 30-Day Mortality Rate","MORT_30_PN","10","94","2","5","","07/01/2011","06/30/2014"
"ND","Pneumonia (PN) 30-Day Mortality Rate","MORT_30_PN","0","39","1","4","","07/01/2011","06/30/2014"
"NE","Pneumonia (PN) 30-Day Mortality Rate","MORT_30_PN","1","72","0","13","","07/01/2011","06/30/2014"
"NH","Pneumonia (PN) 30-Day Mortality Rate","MORT_30_PN","0","25","1","0","","07/01/2011","06/30/2014"
"NJ","Pneumonia (PN) 30-Day Mortality Rate","MORT_30_PN","2","56","7","1","","07/01/2011","06/30/2014"
"NM","Pneumonia (PN) 30-Day Mortality Rate","MORT_30_PN","1","37","0","5","","07/01/2011","06/30/2014"
"NV","Pneumonia (PN) 30-Day Mortality Rate","MORT_30_PN","1","29","0","5","","07/01/2011","06/30/2014"
"NY","Pneumonia (PN) 30-Day Mortality Rate","MORT_30_PN","7","158","13","5","","07/01/2011","06/30/2014"
"OH","Pneumonia (PN) 30-Day Mortality Rate","MORT_30_PN","4","143","10","7","","07/01/2011","06/30/2014"
"OK","Pneumonia (PN) 30-Day Mortality Rate","MORT_30_PN","2","105","1","8","","07/01/2011","06/30/2014"
"OR","Pneumonia (PN) 30-Day Mortality Rate","MORT_30_PN","1","55","1","4","","07/01/2011","06/30/2014"
"PA","Pneumonia (PN) 30-Day Mortality Rate","MORT_30_PN","4","148","9","5","","07/01/2011","06/30/2014"
"PR","Pneumonia (PN) 30-Day Mortality Rate","MORT_30_PN","2","24","0","23","","07/01/2011","06/30/2014"
"RI","Pneumonia (PN) 30-Day Mortality Rate","MORT_30_PN","0","11","0","1","","07/01/2011","06/30/2014"
"SC","Pneumonia (PN) 30-Day Mortality Rate","MORT_30_PN","3","57","0","4","","07/01/2011","06/30/2014"
"SD","Pneumonia (PN) 30-Day Mortality Rate","MORT_30_PN","0","49","0","7","","07/01/2011","06/30/2014"
"TN","Pneumonia (PN) 30-Day Mortality Rate","MORT_30_PN","9","102","0","7","","07/01/2011","06/30/2014"
"TX","Pneumonia (PN) 30-Day Mortality Rate","MORT_30_PN","8","305","15","55","","07/01/2011","06/30/2014"
"UT","Pneumonia (PN) 30-Day Mortality Rate","MORT_30_PN","0","37","0","6","","07/01/2011","06/30/2014"
"VA","Pneumonia (PN) 30-Day Mortality Rate","MORT_30_PN","6","72","3","5","","07/01/2011","06/30/2014"
"VI","Pneumonia (PN) 30-Day Mortality Rate","MORT_30_PN","0","2","0","0","","07/01/2011","06/30/2014"
"VT","Pneumonia (PN) 30-Day Mortality Rate","MORT_30_PN","0","15","0","0","","07/01/2011","06/30/2014"
"WA","Pneumonia (PN) 30-Day Mortality Rate","MORT_30_PN","3","73","1","13","","07/01/2011","06/30/2014"
"WI","Pneumonia (PN) 30-Day Mortality Rate","MORT_30_PN","1","116","2","4","","07/01/2011","06/30/2014"
"WV","Pneumonia (PN) 30-Day Mortality Rate","MORT_30_PN","3","47","3","0","","07/01/2011","06/30/2014"
"WY","Pneumonia (PN) 30-Day Mortality Rate","MORT_30_PN","0","24","0","5","","07/01/2011","06/30/2014"
"AK","Death rate for chronic obstructive pulmonary disease (COPD) patients","MORT_30_COPD","0","9","0","13","","07/01/2011","06/30/2014"
"AL","Death rate for chronic obstructive pulmonary disease (COPD) patients","MORT_30_COPD","0","81","0","14","","07/01/2011","06/30/2014"
"AR","Death rate for chronic obstructive pulmonary disease (COPD) patients","MORT_30_COPD","3","62","0","8","","07/01/2011","06/30/2014"
"AS","Death rate for chronic obstructive pulmonary disease (COPD) patients","MORT_30_COPD","0","0","0","1","","07/01/2011","06/30/2014"
"AZ","Death rate for chronic obstructive pulmonary disease (COPD) patients","MORT_30_COPD","2","52","1","20","","07/01/2011","06/30/2014"
"CA","Death rate for chronic obstructive pulmonary disease (COPD) patients","MORT_30_COPD","14","241","5","73","","07/01/2011","06/30/2014"
"CO","Death rate for chronic obstructive pulmonary disease (COPD) patients","MORT_30_COPD","1","45","0","29","","07/01/2011","06/30/2014"
"CT","Death rate for chronic obstructive pulmonary disease (COPD) patients","MORT_30_COPD","0","29","1","1","","07/01/2011","06/30/2014"
"DC","Death rate for chronic obstructive pulmonary disease (COPD) patients","MORT_30_COPD","0","7","0","0","","07/01/2011","06/30/2014"
"DE","Death rate for chronic obstructive pulmonary disease (COPD) patients","MORT_30_COPD","0","6","0","0","","07/01/2011","06/30/2014"
"FL","Death rate for chronic obstructive pulmonary disease (COPD) patients","MORT_30_COPD","4","166","5","9","","07/01/2011","06/30/2014"
"GA","Death rate for chronic obstructive pulmonary disease (COPD) patients","MORT_30_COPD","1","114","1","26","","07/01/2011","06/30/2014"
"GU","Death rate for chronic obstructive pulmonary disease (COPD) patients","MORT_30_COPD","0","1","0","0","","07/01/2011","06/30/2014"
"HI","Death rate for chronic obstructive pulmonary disease (COPD) patients","MORT_30_COPD","0","11","0","8","","07/01/2011","06/30/2014"
"IA","Death rate for chronic obstructive pulmonary disease (COPD) patients","MORT_30_COPD","1","77","1","37","","07/01/2011","06/30/2014"
"ID","Death rate for chronic obstructive pulmonary disease (COPD) patients","MORT_30_COPD","2","19","0","18","","07/01/2011","06/30/2014"
"IL","Death rate for chronic obstructive pulmonary disease (COPD) patients","MORT_30_COPD","3","158","11","6","","07/01/2011","06/30/2014"
"IN","Death rate for chronic obstructive pulmonary disease (COPD) patients","MORT_30_COPD","2","108","4","6","","07/01/2011","06/30/2014"
"KS","Death rate for chronic obstructive pulmonary disease (COPD) patients","MORT_30_COPD","1","72","0","55","","07/01/2011","06/30/2014"
"KY","Death rate for chronic obstructive pulmonary disease (COPD) patients","MORT_30_COPD","3","89","1","1","","07/01/2011","06/30/2014"
"LA","Death rate for chronic obstructive pulmonary disease (COPD) patients","MORT_30_COPD","1","81","0","27","","07/01/2011","06/30/2014"
"MA","Death rate for chronic obstructive pulmonary disease (COPD) patients","MORT_30_COPD","0","57","4","2","","07/01/2011","06/30/2014"
"MD","Death rate for chronic obstructive pulmonary disease (COPD) patients","MORT_30_COPD","5","41","0","1","","07/01/2011","06/30/2014"
"ME","Death rate for chronic obstructive pulmonary disease (COPD) patients","MORT_30_COPD","0","34","0","2","","07/01/2011","06/30/2014"
"MI","Death rate for chronic obstructive pulmonary disease (COPD) patients","MORT_30_COPD","4","112","3","7","","07/01/2011","06/30/2014"
"MN","Death rate for chronic obstructive pulmonary disease (COPD) patients","MORT_30_COPD","0","60","0","70","","07/01/2011","06/30/2014"
"MO","Death rate for chronic obstructive pulmonary disease (COPD) patients","MORT_30_COPD","1","105","0","8","","07/01/2011","06/30/2014"
"MP","Death rate for chronic obstructive pulmonary disease (COPD) patients","MORT_30_COPD","0","0","0","1","","07/01/2011","06/30/2014"
"MS","Death rate for chronic obstructive pulmonary disease (COPD) patients","MORT_30_COPD","1","72","0","21","","07/01/2011","06/30/2014"
"MT","Death rate for chronic obstructive pulmonary disease (COPD) patients","MORT_30_COPD","0","23","0","34","","07/01/2011","06/30/2014"
"NC","Death rate for chronic obstructive pulmonary disease (COPD) patients","MORT_30_COPD","2","97","1","6","","07/01/2011","06/30/2014"
"ND","Death rate for chronic obstructive pulmonary disease (COPD) patients","MORT_30_COPD","1","18","0","24","","07/01/2011","06/30/2014"
"NE","Death rate for chronic obstructive pulmonary disease (COPD) patients","MORT_30_COPD","2","35","0","47","","07/01/2011","06/30/2014"
"NH","Death rate for chronic obstructive pulmonary disease (COPD) patients","MORT_30_COPD","0","26","0","0","","07/01/2011","06/30/2014"
"NJ","Death rate for chronic obstructive pulmonary disease (COPD) patients","MORT_30_COPD","2","61","1","1","","07/01/2011","06/30/2014"
"NM","Death rate for chronic obstructive pulmonary disease (COPD) patients","MORT_30_COPD","0","31","0","10","","07/01/2011","06/30/2014"
"NV","Death rate for chronic obstructive pulmonary disease (COPD) patients","MORT_30_COPD","1","25","0","6","","07/01/2011","06/30/2014"
"NY","Death rate for chronic obstructive pulmonary disease (COPD) patients","MORT_30_COPD","5","159","1","8","","07/01/2011","06/30/2014"
"OH","Death rate for chronic obstructive pulmonary disease (COPD) patients","MORT_30_COPD","3","145","2","10","","07/01/2011","06/30/2014"
"OK","Death rate for chronic obstructive pulmonary disease (COPD) patients","MORT_30_COPD","3","81","0","31","","07/01/2011","06/30/2014"
"OR","Death rate for chronic obstructive pulmonary disease (COPD) patients","MORT_30_COPD","0","48","0","11","","07/01/2011","06/30/2014"
"PA","Death rate for chronic obstructive pulmonary disease (COPD) patients","MORT_30_COPD","0","149","0","10","","07/01/2011","06/30/2014"
"PR","Death rate for chronic obstructive pulmonary disease (COPD) patients","MORT_30_COPD","0","17","0","29","","07/01/2011","06/30/2014"
"RI","Death rate for chronic obstructive pulmonary disease (COPD) patients","MORT_30_COPD","1","9","0","1","","07/01/2011","06/30/2014"
"SC","Death rate for chronic obstructive pulmonary disease (COPD) patients","MORT_30_COPD","5","49","2","7","","07/01/2011","06/30/2014"
"SD","Death rate for chronic obstructive pulmonary disease (COPD) patients","MORT_30_COPD","0","19","0","34","","07/01/2011","06/30/2014"
"TN","Death rate for chronic obstructive pulmonary disease (COPD) patients","MORT_30_COPD","2","99","1","12","","07/01/2011","06/30/2014"
"TX","Death rate for chronic obstructive pulmonary disease (COPD) patients","MORT_30_COPD","6","281","3","82","","07/01/2011","06/30/2014"
"UT","Death rate for chronic obstructive pulmonary disease (COPD) patients","MORT_30_COPD","0","18","0","22","","07/01/2011","06/30/2014"
"VA","Death rate for chronic obstructive pulmonary disease (COPD) patients","MORT_30_COPD","2","75","1","5","","07/01/2011","06/30/2014"
"VI","Death rate for chronic obstructive pulmonary disease (COPD) patients","MORT_30_COPD","0","0","0","2","","07/01/2011","06/30/2014"
"VT","Death rate for chronic obstructive pulmonary disease (COPD) patients","MORT_30_COPD","0","13","0","1","","07/01/2011","06/30/2014"
"WA","Death rate for chronic obstructive pulmonary disease (COPD) patients","MORT_30_COPD","5","63","0","17","","07/01/2011","06/30/2014"
"WI","Death rate for chronic obstructive pulmonary disease (COPD) patients","MORT_30_COPD","0","99","1","20","","07/01/2011","06/30/2014"
"WV","Death rate for chronic obstructive pulmonary disease (COPD) patients","MORT_30_COPD","0","45","1","3","","07/01/2011","06/30/2014"
"WY","Death rate for chronic obstructive pulmonary disease (COPD) patients","MORT_30_COPD","0","17","0","10","","07/01/2011","06/30/2014"
"AK","Death rate for stroke patients","MORT_30_STK","0","7","0","13","","07/01/2011","06/30/2014"
"AL","Death rate for stroke patients","MORT_30_STK","3","61","0","29","","07/01/2011","06/30/2014"
"AR","Death rate for stroke patients","MORT_30_STK","0","47","0","26","","07/01/2011","06/30/2014"
"AS","Death rate for stroke patients","MORT_30_STK","0","0","0","1","","07/01/2011","06/30/2014"
"AZ","Death rate for stroke patients","MORT_30_STK","1","42","0","25","","07/01/2011","06/30/2014"
"CA","Death rate for stroke patients","MORT_30_STK","6","225","6","85","","07/01/2011","06/30/2014"
"CO","Death rate for stroke patients","MORT_30_STK","1","36","0","33","","07/01/2011","06/30/2014"
"CT","Death rate for stroke patients","MORT_30_STK","1","28","0","2","","07/01/2011","06/30/2014"
"DC","Death rate for stroke patients","MORT_30_STK","0","7","0","0","","07/01/2011","06/30/2014"
"DE","Death rate for stroke patients","MORT_30_STK","0","6","0","0","","07/01/2011","06/30/2014"
"FL","Death rate for stroke patients","MORT_30_STK","7","148","1","23","","07/01/2011","06/30/2014"
"GA","Death rate for stroke patients","MORT_30_STK","2","71","0","65","","07/01/2011","06/30/2014"
"GU","Death rate for stroke patients","MORT_30_STK","0","1","0","0","","07/01/2011","06/30/2014"
"HI","Death rate for stroke patients","MORT_30_STK","0","12","0","4","","07/01/2011","06/30/2014"
"IA","Death rate for stroke patients","MORT_30_STK","2","44","1","68","","07/01/2011","06/30/2014"
"ID","Death rate for stroke patients","MORT_30_STK","1","11","0","23","","07/01/2011","06/30/2014"
"IL","Death rate for stroke patients","MORT_30_STK","0","119","3","52","","07/01/2011","06/30/2014"
"IN","Death rate for stroke patients","MORT_30_STK","2","80","2","35","","07/01/2011","06/30/2014"
"KS","Death rate for stroke patients","MORT_30_STK","0","36","0","86","","07/01/2011","06/30/2014"
"KY","Death rate for stroke patients","MORT_30_STK","1","48","0","45","","07/01/2011","06/30/2014"
"LA","Death rate for stroke patients","MORT_30_STK","0","50","0","54","","07/01/2011","06/30/2014"
"MA","Death rate for stroke patients","MORT_30_STK","0","56","1","5","","07/01/2011","06/30/2014"
"MD","Death rate for stroke patients","MORT_30_STK","5","39","0","2","","07/01/2011","06/30/2014"
"ME","Death rate for stroke patients","MORT_30_STK","1","26","0","9","","07/01/2011","06/30/2014"
"MI","Death rate for stroke patients","MORT_30_STK","3","85","3","33","","07/01/2011","06/30/2014"
"MN","Death rate for stroke patients","MORT_30_STK","0","39","0","86","","07/01/2011","06/30/2014"
"MO","Death rate for stroke patients","MORT_30_STK","2","56","2","52","","07/01/2011","06/30/2014"
"MP","Death rate for stroke patients","MORT_30_STK","0","0","0","1","","07/01/2011","06/30/2014"
"MS","Death rate for stroke patients","MORT_30_STK","0","46","1","42","","07/01/2011","06/30/2014"
"MT","Death rate for stroke patients","MORT_30_STK","0","16","0","33","","07/01/2011","06/30/2014"
"NC","Death rate for stroke patients","MORT_30_STK","4","86","0","13","","07/01/2011","06/30/2014"
"ND","Death rate for stroke patients","MORT_30_STK","1","7","0","29","","07/01/2011","06/30/2014"
"NE","Death rate for stroke patients","MORT_30_STK","0","23","0","58","","07/01/2011","06/30/2014"
"NH","Death rate for stroke patients","MORT_30_STK","0","20","0","6","","07/01/2011","06/30/2014"
"NJ","Death rate for stroke patients","MORT_30_STK","2","56","4","3","","07/01/2011","06/30/2014"
"NM","Death rate for stroke patients","MORT_30_STK","0","21","0","19","","07/01/2011","06/30/2014"
"NV","Death rate for stroke patients","MORT_30_STK","2","15","0","13","","07/01/2011","06/30/2014"
"NY","Death rate for stroke patients","MORT_30_STK","3","126","8","34","","07/01/2011","06/30/2014"
"OH","Death rate for stroke patients","MORT_30_STK","1","108","2","46","","07/01/2011","06/30/2014"
"OK","Death rate for stroke patients","MORT_30_STK","1","43","0","60","","07/01/2011","06/30/2014"
"OR","Death rate for stroke patients","MORT_30_STK","2","39","0","17","","07/01/2011","06/30/2014"
"PA","Death rate for stroke patients","MORT_30_STK","4","120","2","31","","07/01/2011","06/30/2014"
"PR","Death rate for stroke patients","MORT_30_STK","0","17","0","31","","07/01/2011","06/30/2014"
"RI","Death rate for stroke patients","MORT_30_STK","0","10","0","0","","07/01/2011","06/30/2014"
"SC","Death rate for stroke patients","MORT_30_STK","2","44","0","15","","07/01/2011","06/30/2014"
"SD","Death rate for stroke patients","MORT_30_STK","1","11","0","34","","07/01/2011","06/30/2014"
"TN","Death rate for stroke patients","MORT_30_STK","2","68","0","42","","07/01/2011","06/30/2014"
"TX","Death rate for stroke patients","MORT_30_STK","5","177","6","154","","07/01/2011","06/30/2014"
"UT","Death rate for stroke patients","MORT_30_STK","2","12","0","24","","07/01/2011","06/30/2014"
"VA","Death rate for stroke patients","MORT_30_STK","3","66","0","11","","07/01/2011","06/30/2014"
"VI","Death rate for stroke patients","MORT_30_STK","0","2","0","0","","07/01/2011","06/30/2014"
"VT","Death rate for stroke patients","MORT_30_STK","1","11","0","2","","07/01/2011","06/30/2014"
"WA","Death rate for stroke patients","MORT_30_STK","1","53","0","31","","07/01/2011","06/30/2014"
"WI","Death rate for stroke patients","MORT_30_STK","2","72","0","45","","07/01/2011","06/30/2014"
"WV","Death rate for stroke patients","MORT_30_STK","2","24","0","22","","07/01/2011","06/30/2014"
"WY","Death rate for stroke patients","MORT_30_STK","0","9","0","17","","07/01/2011","06/30/2014"
"AK","Death rate for CABG","MORT_30_CABG","0","2","0","0","","07/01/2011","06/30/2014"
"AL","Death rate for CABG","MORT_30_CABG","1","21","0","1","","07/01/2011","06/30/2014"
"AR","Death rate for CABG","MORT_30_CABG","1","16","0","1","","07/01/2011","06/30/2014"
"AS","Death rate for CABG","MORT_30_CABG","0","0","0","0","","07/01/2011","06/30/2014"
"AZ","Death rate for CABG","MORT_30_CABG","0","28","0","1","","07/01/2011","06/30/2014"
"CA","Death rate for CABG","MORT_30_CABG","0","101","0","24","","07/01/2011","06/30/2014"
"CO","Death rate for CABG","MORT_30_CABG","0","15","0","3","","07/01/2011","06/30/2014"
"CT","Death rate for CABG","MORT_30_CABG","0","11","0","0","","07/01/2011","06/30/2014"
"DC","Death rate for CABG","MORT_30_CABG","0","2","0","2","","07/01/2011","06/30/2014"
"DE","Death rate for CABG","MORT_30_CABG","0","3","0","1","","07/01/2011","06/30/2014"
"FL","Death rate for CABG","MORT_30_CABG","2","72","1","2","","07/01/2011","06/30/2014"
"GA","Death rate for CABG","MORT_30_CABG","2","15","1","2","","07/01/2011","06/30/2014"
"GU","Death rate for CABG","MORT_30_CABG","0","0","0","0","","07/01/2011","06/30/2014"
"HI","Death rate for CABG","MORT_30_CABG","0","4","0","3","","07/01/2011","06/30/2014"
"IA","Death rate for CABG","MORT_30_CABG","1","10","0","1","","07/01/2011","06/30/2014"
"ID","Death rate for CABG","MORT_30_CABG","0","5","0","0","","07/01/2011","06/30/2014"
"IL","Death rate for CABG","MORT_30_CABG","0","58","0","8","","07/01/2011","06/30/2014"
"IN","Death rate for CABG","MORT_30_CABG","0","33","0","6","","07/01/2011","06/30/2014"
"KS","Death rate for CABG","MORT_30_CABG","0","15","0","2","","07/01/2011","06/30/2014"
"KY","Death rate for CABG","MORT_30_CABG","1","16","0","2","","07/01/2011","06/30/2014"
"LA","Death rate for CABG","MORT_30_CABG","2","25","0","6","","07/01/2011","06/30/2014"
"MA","Death rate for CABG","MORT_30_CABG","0","14","0","0","","07/01/2011","06/30/2014"
"MD","Death rate for CABG","MORT_30_CABG","0","10","0","2","","07/01/2011","06/30/2014"
"ME","Death rate for CABG","MORT_30_CABG","0","3","0","0","","07/01/2011","06/30/2014"
"MI","Death rate for CABG","MORT_30_CABG","0","33","0","0","","07/01/2011","06/30/2014"
"MN","Death rate for CABG","MORT_30_CABG","0","12","1","1","","07/01/2011","06/30/2014"
"MO","Death rate for CABG","MORT_30_CABG","0","31","0","3","","07/01/2011","06/30/2014"
"MP","Death rate for CABG","MORT_30_CABG","0","0","0","0","","07/01/2011","06/30/2014"
"MS","Death rate for CABG","MORT_30_CABG","0","17","0","1","","07/01/2011","06/30/2014"
"MT","Death rate for CABG","MORT_30_CABG","1","4","0","0","","07/01/2011","06/30/2014"
"NC","Death rate for CABG","MORT_30_CABG","0","21","1","1","","07/01/2011","06/30/2014"
"ND","Death rate for CABG","MORT_30_CABG","1","5","0","0","","07/01/2011","06/30/2014"
"NE","Death rate for CABG","MORT_30_CABG","0","8","0","1","","07/01/2011","06/30/2014"
"NH","Death rate for CABG","MORT_30_CABG","0","4","0","0","","07/01/2011","06/30/2014"
"NJ","Death rate for CABG","MORT_30_CABG","0","14","3","1","","07/01/2011","06/30/2014"
"NM","Death rate for CABG","MORT_30_CABG","0","4","0","2","","07/01/2011","06/30/2014"
"NV","Death rate for CABG","MORT_30_CABG","0","12","0","0","","07/01/2011","06/30/2014"
"NY","Death rate for CABG","MORT_30_CABG","1","30","3","4","","07/01/2011","06/30/2014"
"OH","Death rate for CABG","MORT_30_CABG","0","52","0","5","","07/01/2011","06/30/2014"
"OK","Death rate for CABG","MORT_30_CABG","0","15","0","2","","07/01/2011","06/30/2014"
"OR","Death rate for CABG","MORT_30_CABG","0","11","1","2","","07/01/2011","06/30/2014"
"PA","Death rate for CABG","MORT_30_CABG","0","58","0","3","","07/01/2011","06/30/2014"
"PR","Death rate for CABG","MORT_30_CABG","0","3","0","6","","07/01/2011","06/30/2014"
"RI","Death rate for CABG","MORT_30_CABG","0","1","0","1","","07/01/2011","06/30/2014"
"SC","Death rate for CABG","MORT_30_CABG","0","17","0","0","","07/01/2011","06/30/2014"
"SD","Death rate for CABG","MORT_30_CABG","0","3","0","0","","07/01/2011","06/30/2014"
"TN","Death rate for CABG","MORT_30_CABG","0","22","0","1","","07/01/2011","06/30/2014"
"TX","Death rate for CABG","MORT_30_CABG","3","102","1","28","","07/01/2011","06/30/2014"
"UT","Death rate for CABG","MORT_30_CABG","0","8","0","1","","07/01/2011","06/30/2014"
"VA","Death rate for CABG","MORT_30_CABG","0","19","1","0","","07/01/2011","06/30/2014"
"VI","Death rate for CABG","MORT_30_CABG","0","0","0","0","","07/01/2011","06/30/2014"
"VT","Death rate for CABG","MORT_30_CABG","0","1","0","0","","07/01/2011","06/30/2014"
"WA","Death rate for CABG","MORT_30_CABG","0","17","0","0","","07/01/2011","06/30/2014"
"WI","Death rate for CABG","MORT_30_CABG","0","26","1","2","","07/01/2011","06/30/2014"
"WV","Death rate for CABG","MORT_30_CABG","0","6","0","0","","07/01/2011","06/30/2014"
"WY","Death rate for CABG","MORT_30_CABG","0","2","0","0","","07/01/2011","06/30/2014"
"AK","Acute Myocardial Infarction (AMI) 30-Day Readmission Rate","READM_30_AMI","0","5","0","12","","07/01/2011","06/30/2014"
"AL","Acute Myocardial Infarction (AMI) 30-Day Readmission Rate","READM_30_AMI","0","37","0","57","","07/01/2011","06/30/2014"
"AR","Acute Myocardial Infarction (AMI) 30-Day Readmission Rate","READM_30_AMI","1","25","0","47","","07/01/2011","06/30/2014"
"AS","Acute Myocardial Infarction (AMI) 30-Day Readmission Rate","READM_30_AMI","0","0","0","1","","07/01/2011","06/30/2014"
"AZ","Acute Myocardial Infarction (AMI) 30-Day Readmission Rate","READM_30_AMI","0","47","1","21","","07/01/2011","06/30/2014"
"CA","Acute Myocardial Infarction (AMI) 30-Day Readmission Rate","READM_30_AMI","3","197","2","120","","07/01/2011","06/30/2014"
"CO","Acute Myocardial Infarction (AMI) 30-Day Readmission Rate","READM_30_AMI","0","33","0","34","","07/01/2011","06/30/2014"
"CT","Acute Myocardial Infarction (AMI) 30-Day Readmission Rate","READM_30_AMI","0","27","0","4","","07/01/2011","06/30/2014"
"DC","Acute Myocardial Infarction (AMI) 30-Day Readmission Rate","READM_30_AMI","0","8","0","0","","07/01/2011","06/30/2014"
"DE","Acute Myocardial Infarction (AMI) 30-Day Readmission Rate","READM_30_AMI","0","6","0","1","","07/01/2011","06/30/2014"
"FL","Acute Myocardial Infarction (AMI) 30-Day Readmission Rate","READM_30_AMI","4","144","2","30","","07/01/2011","06/30/2014"
"GA","Acute Myocardial Infarction (AMI) 30-Day Readmission Rate","READM_30_AMI","0","60","2","66","","07/01/2011","06/30/2014"
"GU","Acute Myocardial Infarction (AMI) 30-Day Readmission Rate","READM_30_AMI","0","1","0","0","","07/01/2011","06/30/2014"
"HI","Acute Myocardial Infarction (AMI) 30-Day Readmission Rate","READM_30_AMI","0","10","0","5","","07/01/2011","06/30/2014"
"IA","Acute Myocardial Infarction (AMI) 30-Day Readmission Rate","READM_30_AMI","0","26","2","75","","07/01/2011","06/30/2014"
"ID","Acute Myocardial Infarction (AMI) 30-Day Readmission Rate","READM_30_AMI","0","9","1","24","","07/01/2011","06/30/2014"
"IL","Acute Myocardial Infarction (AMI) 30-Day Readmission Rate","READM_30_AMI","2","106","0","73","","07/01/2011","06/30/2014"
"IN","Acute Myocardial Infarction (AMI) 30-Day Readmission Rate","READM_30_AMI","0","58","2","57","","07/01/2011","06/30/2014"
"KS","Acute Myocardial Infarction (AMI) 30-Day Readmission Rate","READM_30_AMI","0","25","0","84","","07/01/2011","06/30/2014"
"KY","Acute Myocardial Infarction (AMI) 30-Day Readmission Rate","READM_30_AMI","1","41","0","52","","07/01/2011","06/30/2014"
"LA","Acute Myocardial Infarction (AMI) 30-Day Readmission Rate","READM_30_AMI","0","43","0","52","","07/01/2011","06/30/2014"
"MA","Acute Myocardial Infarction (AMI) 30-Day Readmission Rate","READM_30_AMI","1","51","1","10","","07/01/2011","06/30/2014"
"MD","Acute Myocardial Infarction (AMI) 30-Day Readmission Rate","READM_30_AMI","0","42","0","5","","07/01/2011","06/30/2014"
"ME","Acute Myocardial Infarction (AMI) 30-Day Readmission Rate","READM_30_AMI","0","23","1","13","","07/01/2011","06/30/2014"
"MI","Acute Myocardial Infarction (AMI) 30-Day Readmission Rate","READM_30_AMI","2","63","5","57","","07/01/2011","06/30/2014"
"MN","Acute Myocardial Infarction (AMI) 30-Day Readmission Rate","READM_30_AMI","0","26","0","89","","07/01/2011","06/30/2014"
"MO","Acute Myocardial Infarction (AMI) 30-Day Readmission Rate","READM_30_AMI","0","55","0","58","","07/01/2011","06/30/2014"
"MP","Acute Myocardial Infarction (AMI) 30-Day Readmission Rate","READM_30_AMI","0","1","0","0","","07/01/2011","06/30/2014"
"MS","Acute Myocardial Infarction (AMI) 30-Day Readmission Rate","READM_30_AMI","0","27","0","50","","07/01/2011","06/30/2014"
"MT","Acute Myocardial Infarction (AMI) 30-Day Readmission Rate","READM_30_AMI","0","9","0","30","","07/01/2011","06/30/2014"
"NC","Acute Myocardial Infarction (AMI) 30-Day Readmission Rate","READM_30_AMI","0","62","2","42","","07/01/2011","06/30/2014"
"ND","Acute Myocardial Infarction (AMI) 30-Day Readmission Rate","READM_30_AMI","0","7","0","32","","07/01/2011","06/30/2014"
"NE","Acute Myocardial Infarction (AMI) 30-Day Readmission Rate","READM_30_AMI","0","18","0","53","","07/01/2011","06/30/2014"
"NH","Acute Myocardial Infarction (AMI) 30-Day Readmission Rate","READM_30_AMI","0","14","1","11","","07/01/2011","06/30/2014"
"NJ","Acute Myocardial Infarction (AMI) 30-Day Readmission Rate","READM_30_AMI","3","58","0","5","","07/01/2011","06/30/2014"
"NM","Acute Myocardial Infarction (AMI) 30-Day Readmission Rate","READM_30_AMI","0","11","0","24","","07/01/2011","06/30/2014"
"NV","Acute Myocardial Infarction (AMI) 30-Day Readmission Rate","READM_30_AMI","0","18","0","14","","07/01/2011","06/30/2014"
"NY","Acute Myocardial Infarction (AMI) 30-Day Readmission Rate","READM_30_AMI","1","127","1","46","","07/01/2011","06/30/2014"
"OH","Acute Myocardial Infarction (AMI) 30-Day Readmission Rate","READM_30_AMI","0","94","0","65","","07/01/2011","06/30/2014"
"OK","Acute Myocardial Infarction (AMI) 30-Day Readmission Rate","READM_30_AMI","0","32","1","62","","07/01/2011","06/30/2014"
"OR","Acute Myocardial Infarction (AMI) 30-Day Readmission Rate","READM_30_AMI","0","23","1","35","","07/01/2011","06/30/2014"
"PA","Acute Myocardial Infarction (AMI) 30-Day Readmission Rate","READM_30_AMI","0","117","0","46","","07/01/2011","06/30/2014"
"PR","Acute Myocardial Infarction (AMI) 30-Day Readmission Rate","READM_30_AMI","0","12","0","33","","07/01/2011","06/30/2014"
"RI","Acute Myocardial Infarction (AMI) 30-Day Readmission Rate","READM_30_AMI","0","11","0","0","","07/01/2011","06/30/2014"
"SC","Acute Myocardial Infarction (AMI) 30-Day Readmission Rate","READM_30_AMI","0","35","0","27","","07/01/2011","06/30/2014"
"SD","Acute Myocardial Infarction (AMI) 30-Day Readmission Rate","READM_30_AMI","0","9","0","33","","07/01/2011","06/30/2014"
"TN","Acute Myocardial Infarction (AMI) 30-Day Readmission Rate","READM_30_AMI","1","53","0","53","","07/01/2011","06/30/2014"
"TX","Acute Myocardial Infarction (AMI) 30-Day Readmission Rate","READM_30_AMI","0","168","2","145","","07/01/2011","06/30/2014"
"UT","Acute Myocardial Infarction (AMI) 30-Day Readmission Rate","READM_30_AMI","0","15","0","21","","07/01/2011","06/30/2014"
"VA","Acute Myocardial Infarction (AMI) 30-Day Readmission Rate","READM_30_AMI","3","59","0","19","","07/01/2011","06/30/2014"
"VI","Acute Myocardial Infarction (AMI) 30-Day Readmission Rate","READM_30_AMI","0","1","0","1","","07/01/2011","06/30/2014"
"VT","Acute Myocardial Infarction (AMI) 30-Day Readmission Rate","READM_30_AMI","0","7","0","7","","07/01/2011","06/30/2014"
"WA","Acute Myocardial Infarction (AMI) 30-Day Readmission Rate","READM_30_AMI","0","42","2","41","","07/01/2011","06/30/2014"
"WI","Acute Myocardial Infarction (AMI) 30-Day Readmission Rate","READM_30_AMI","0","49","1","68","","07/01/2011","06/30/2014"
"WV","Acute Myocardial Infarction (AMI) 30-Day Readmission Rate","READM_30_AMI","1","23","0","28","","07/01/2011","06/30/2014"
"WY","Acute Myocardial Infarction (AMI) 30-Day Readmission Rate","READM_30_AMI","0","3","0","20","","07/01/2011","06/30/2014"
"AK","Heart failure (HF) 30-Day Readmission Rate","READM_30_HF","0","9","0","13","","07/01/2011","06/30/2014"
"AL","Heart failure (HF) 30-Day Readmission Rate","READM_30_HF","1","81","0","15","","07/01/2011","06/30/2014"
"AR","Heart failure (HF) 30-Day Readmission Rate","READM_30_HF","3","68","0","4","","07/01/2011","06/30/2014"
"AS","Heart failure (HF) 30-Day Readmission Rate","READM_30_HF","0","0","0","1","","07/01/2011","06/30/2014"
"AZ","Heart failure (HF) 30-Day Readmission Rate","READM_30_HF","0","57","3","18","","07/01/2011","06/30/2014"
"CA","Heart failure (HF) 30-Day Readmission Rate","READM_30_HF","6","268","9","54","","07/01/2011","06/30/2014"
"CO","Heart failure (HF) 30-Day Readmission Rate","READM_30_HF","0","50","3","22","","07/01/2011","06/30/2014"
"CT","Heart failure (HF) 30-Day Readmission Rate","READM_30_HF","1","29","1","1","","07/01/2011","06/30/2014"
"DC","Heart failure (HF) 30-Day Readmission Rate","READM_30_HF","1","7","0","0","","07/01/2011","06/30/2014"
"DE","Heart failure (HF) 30-Day Readmission Rate","READM_30_HF","0","7","0","0","","07/01/2011","06/30/2014"
"FL","Heart failure (HF) 30-Day Readmission Rate","READM_30_HF","15","160","6","8","","07/01/2011","06/30/2014"
"GA","Heart failure (HF) 30-Day Readmission Rate","READM_30_HF","2","114","5","24","","07/01/2011","06/30/2014"
"GU","Heart failure (HF) 30-Day Readmission Rate","READM_30_HF","0","1","0","0","","07/01/2011","06/30/2014"
"HI","Heart failure (HF) 30-Day Readmission Rate","READM_30_HF","0","13","0","5","","07/01/2011","06/30/2014"
"IA","Heart failure (HF) 30-Day Readmission Rate","READM_30_HF","0","92","1","25","","07/01/2011","06/30/2014"
"ID","Heart failure (HF) 30-Day Readmission Rate","READM_30_HF","0","20","2","18","","07/01/2011","06/30/2014"
"IL","Heart failure (HF) 30-Day Readmission Rate","READM_30_HF","9","165","4","5","","07/01/2011","06/30/2014"
"IN","Heart failure (HF) 30-Day Readmission Rate","READM_30_HF","3","110","4","5","","07/01/2011","06/30/2014"
"KS","Heart failure (HF) 30-Day Readmission Rate","READM_30_HF","0","81","1","49","","07/01/2011","06/30/2014"
"KY","Heart failure (HF) 30-Day Readmission Rate","READM_30_HF","10","80","1","5","","07/01/2011","06/30/2014"
"LA","Heart failure (HF) 30-Day Readmission Rate","READM_30_HF","3","86","2","19","","07/01/2011","06/30/2014"
"MA","Heart failure (HF) 30-Day Readmission Rate","READM_30_HF","1","61","0","2","","07/01/2011","06/30/2014"
"MD","Heart failure (HF) 30-Day Readmission Rate","READM_30_HF","5","41","1","2","","07/01/2011","06/30/2014"
"ME","Heart failure (HF) 30-Day Readmission Rate","READM_30_HF","0","33","3","1","","07/01/2011","06/30/2014"
"MI","Heart failure (HF) 30-Day Readmission Rate","READM_30_HF","8","107","4","13","","07/01/2011","06/30/2014"
"MN","Heart failure (HF) 30-Day Readmission Rate","READM_30_HF","0","79","2","50","","07/01/2011","06/30/2014"
"MO","Heart failure (HF) 30-Day Readmission Rate","READM_30_HF","2","102","2","12","","07/01/2011","06/30/2014"
"MP","Heart failure (HF) 30-Day Readmission Rate","READM_30_HF","0","1","0","0","","07/01/2011","06/30/2014"
"MS","Heart failure (HF) 30-Day Readmission Rate","READM_30_HF","2","80","0","15","","07/01/2011","06/30/2014"
"MT","Heart failure (HF) 30-Day Readmission Rate","READM_30_HF","0","25","2","31","","07/01/2011","06/30/2014"
"NC","Heart failure (HF) 30-Day Readmission Rate","READM_30_HF","4","95","4","9","","07/01/2011","06/30/2014"
"ND","Heart failure (HF) 30-Day Readmission Rate","READM_30_HF","0","23","1","18","","07/01/2011","06/30/2014"
"NE","Heart failure (HF) 30-Day Readmission Rate","READM_30_HF","0","44","2","39","","07/01/2011","06/30/2014"
"NH","Heart failure (HF) 30-Day Readmission Rate","READM_30_HF","0","25","0","1","","07/01/2011","06/30/2014"
"NJ","Heart failure (HF) 30-Day Readmission Rate","READM_30_HF","10","53","2","1","","07/01/2011","06/30/2014"
"NM","Heart failure (HF) 30-Day Readmission Rate","READM_30_HF","0","30","1","11","","07/01/2011","06/30/2014"
"NV","Heart failure (HF) 30-Day Readmission Rate","READM_30_HF","0","30","0","4","","07/01/2011","06/30/2014"
"NY","Heart failure (HF) 30-Day Readmission Rate","READM_30_HF","26","147","0","9","","07/01/2011","06/30/2014"
"OH","Heart failure (HF) 30-Day Readmission Rate","READM_30_HF","3","146","3","13","","07/01/2011","06/30/2014"
"OK","Heart failure (HF) 30-Day Readmission Rate","READM_30_HF","1","80","2","35","","07/01/2011","06/30/2014"
"OR","Heart failure (HF) 30-Day Readmission Rate","READM_30_HF","0","51","3","7","","07/01/2011","06/30/2014"
"PA","Heart failure (HF) 30-Day Readmission Rate","READM_30_HF","4","153","3","7","","07/01/2011","06/30/2014"
"PR","Heart failure (HF) 30-Day Readmission Rate","READM_30_HF","1","24","0","24","","07/01/2011","06/30/2014"
"RI","Heart failure (HF) 30-Day Readmission Rate","READM_30_HF","0","11","0","1","","07/01/2011","06/30/2014"
"SC","Heart failure (HF) 30-Day Readmission Rate","READM_30_HF","0","54","4","5","","07/01/2011","06/30/2014"
"SD","Heart failure (HF) 30-Day Readmission Rate","READM_30_HF","0","23","2","30","","07/01/2011","06/30/2014"
"TN","Heart failure (HF) 30-Day Readmission Rate","READM_30_HF","3","103","1","10","","07/01/2011","06/30/2014"
"TX","Heart failure (HF) 30-Day Readmission Rate","READM_30_HF","3","290","6","74","","07/01/2011","06/30/2014"
"UT","Heart failure (HF) 30-Day Readmission Rate","READM_30_HF","0","25","3","15","","07/01/2011","06/30/2014"
"VA","Heart failure (HF) 30-Day Readmission Rate","READM_30_HF","4","79","0","1","","07/01/2011","06/30/2014"
"VI","Heart failure (HF) 30-Day Readmission Rate","READM_30_HF","0","2","0","0","","07/01/2011","06/30/2014"
"VT","Heart failure (HF) 30-Day Readmission Rate","READM_30_HF","0","14","0","1","","07/01/2011","06/30/2014"
"WA","Heart failure (HF) 30-Day Readmission Rate","READM_30_HF","0","64","2","22","","07/01/2011","06/30/2014"
"WI","Heart failure (HF) 30-Day Readmission Rate","READM_30_HF","0","111","5","7","","07/01/2011","06/30/2014"
"WV","Heart failure (HF) 30-Day Readmission Rate","READM_30_HF","2","45","0","6","","07/01/2011","06/30/2014"
"WY","Heart failure (HF) 30-Day Readmission Rate","READM_30_HF","0","17","0","12","","07/01/2011","06/30/2014"
"AK","Pneumonia (PN) 30-Day Readmission Rate","READM_30_PN","0","15","0","7","","07/01/2011","06/30/2014"
"AL","Pneumonia (PN) 30-Day Readmission Rate","READM_30_PN","1","87","0","9","","07/01/2011","06/30/2014"
"AR","Pneumonia (PN) 30-Day Readmission Rate","READM_30_PN","1","72","0","3","","07/01/2011","06/30/2014"
"AS","Pneumonia (PN) 30-Day Readmission Rate","READM_30_PN","0","1","0","0","","07/01/2011","06/30/2014"
"AZ","Pneumonia (PN) 30-Day Readmission Rate","READM_30_PN","1","70","0","9","","07/01/2011","06/30/2014"
"CA","Pneumonia (PN) 30-Day Readmission Rate","READM_30_PN","2","285","6","47","","07/01/2011","06/30/2014"
"CO","Pneumonia (PN) 30-Day Readmission Rate","READM_30_PN","0","63","1","12","","07/01/2011","06/30/2014"
"CT","Pneumonia (PN) 30-Day Readmission Rate","READM_30_PN","2","30","0","0","","07/01/2011","06/30/2014"
"DC","Pneumonia (PN) 30-Day Readmission Rate","READM_30_PN","1","7","0","0","","07/01/2011","06/30/2014"
"DE","Pneumonia (PN) 30-Day Readmission Rate","READM_30_PN","0","7","0","0","","07/01/2011","06/30/2014"
"FL","Pneumonia (PN) 30-Day Readmission Rate","READM_30_PN","2","182","0","6","","07/01/2011","06/30/2014"
"GA","Pneumonia (PN) 30-Day Readmission Rate","READM_30_PN","0","131","1","13","","07/01/2011","06/30/2014"
"GU","Pneumonia (PN) 30-Day Readmission Rate","READM_30_PN","0","1","0","0","","07/01/2011","06/30/2014"
"HI","Pneumonia (PN) 30-Day Readmission Rate","READM_30_PN","0","12","0","7","","07/01/2011","06/30/2014"
"IA","Pneumonia (PN) 30-Day Readmission Rate","READM_30_PN","0","114","0","4","","07/01/2011","06/30/2014"
"ID","Pneumonia (PN) 30-Day Readmission Rate","READM_30_PN","0","32","0","8","","07/01/2011","06/30/2014"
"IL","Pneumonia (PN) 30-Day Readmission Rate","READM_30_PN","4","175","0","4","","07/01/2011","06/30/2014"
"IN","Pneumonia (PN) 30-Day Readmission Rate","READM_30_PN","2","114","1","5","","07/01/2011","06/30/2014"
"KS","Pneumonia (PN) 30-Day Readmission Rate","READM_30_PN","0","114","1","16","","07/01/2011","06/30/2014"
"KY","Pneumonia (PN) 30-Day Readmission Rate","READM_30_PN","7","88","1","0","","07/01/2011","06/30/2014"
"LA","Pneumonia (PN) 30-Day Readmission Rate","READM_30_PN","1","92","2","17","","07/01/2011","06/30/2014"
"MA","Pneumonia (PN) 30-Day Readmission Rate","READM_30_PN","1","63","0","1","","07/01/2011","06/30/2014"
"MD","Pneumonia (PN) 30-Day Readmission Rate","READM_30_PN","3","44","0","1","","07/01/2011","06/30/2014"
"ME","Pneumonia (PN) 30-Day Readmission Rate","READM_30_PN","0","37","0","0","","07/01/2011","06/30/2014"
"MI","Pneumonia (PN) 30-Day Readmission Rate","READM_30_PN","2","126","0","3","","07/01/2011","06/30/2014"
"MN","Pneumonia (PN) 30-Day Readmission Rate","READM_30_PN","0","103","0","28","","07/01/2011","06/30/2014"
"MO","Pneumonia (PN) 30-Day Readmission Rate","READM_30_PN","4","112","0","4","","07/01/2011","06/30/2014"
"MP","Pneumonia (PN) 30-Day Readmission Rate","READM_30_PN","0","1","0","0","","07/01/2011","06/30/2014"
"MS","Pneumonia (PN) 30-Day Readmission Rate","READM_30_PN","0","86","0","13","","07/01/2011","06/30/2014"
"MT","Pneumonia (PN) 30-Day Readmission Rate","READM_30_PN","0","40","0","21","","07/01/2011","06/30/2014"
"NC","Pneumonia (PN) 30-Day Readmission Rate","READM_30_PN","2","104","0","5","","07/01/2011","06/30/2014"
"ND","Pneumonia (PN) 30-Day Readmission Rate","READM_30_PN","0","40","0","4","","07/01/2011","06/30/2014"
"NE","Pneumonia (PN) 30-Day Readmission Rate","READM_30_PN","0","73","0","13","","07/01/2011","06/30/2014"
"NH","Pneumonia (PN) 30-Day Readmission Rate","READM_30_PN","0","26","0","0","","07/01/2011","06/30/2014"
"NJ","Pneumonia (PN) 30-Day Readmission Rate","READM_30_PN","4","59","2","1","","07/01/2011","06/30/2014"
"NM","Pneumonia (PN) 30-Day Readmission Rate","READM_30_PN","0","38","0","5","","07/01/2011","06/30/2014"
"NV","Pneumonia (PN) 30-Day Readmission Rate","READM_30_PN","0","29","1","5","","07/01/2011","06/30/2014"
"NY","Pneumonia (PN) 30-Day Readmission Rate","READM_30_PN","13","164","1","5","","07/01/2011","06/30/2014"
"OH","Pneumonia (PN) 30-Day Readmission Rate","READM_30_PN","3","153","1","8","","07/01/2011","06/30/2014"
"OK","Pneumonia (PN) 30-Day Readmission Rate","READM_30_PN","0","107","0","9","","07/01/2011","06/30/2014"
"OR","Pneumonia (PN) 30-Day Readmission Rate","READM_30_PN","0","57","0","4","","07/01/2011","06/30/2014"
"PA","Pneumonia (PN) 30-Day Readmission Rate","READM_30_PN","3","157","1","6","","07/01/2011","06/30/2014"
"PR","Pneumonia (PN) 30-Day Readmission Rate","READM_30_PN","1","25","0","23","","07/01/2011","06/30/2014"
"RI","Pneumonia (PN) 30-Day Readmission Rate","READM_30_PN","0","11","0","1","","07/01/2011","06/30/2014"
"SC","Pneumonia (PN) 30-Day Readmission Rate","READM_30_PN","0","60","0","4","","07/01/2011","06/30/2014"
"SD","Pneumonia (PN) 30-Day Readmission Rate","READM_30_PN","0","48","1","7","","07/01/2011","06/30/2014"
"TN","Pneumonia (PN) 30-Day Readmission Rate","READM_30_PN","4","107","0","7","","07/01/2011","06/30/2014"
"TX","Pneumonia (PN) 30-Day Readmission Rate","READM_30_PN","1","325","4","53","","07/01/2011","06/30/2014"
"UT","Pneumonia (PN) 30-Day Readmission Rate","READM_30_PN","0","38","0","5","","07/01/2011","06/30/2014"
"VA","Pneumonia (PN) 30-Day Readmission Rate","READM_30_PN","2","79","0","5","","07/01/2011","06/30/2014"
"VI","Pneumonia (PN) 30-Day Readmission Rate","READM_30_PN","0","2","0","0","","07/01/2011","06/30/2014"
"VT","Pneumonia (PN) 30-Day Readmission Rate","READM_30_PN","0","15","0","0","","07/01/2011","06/30/2014"
"WA","Pneumonia (PN) 30-Day Readmission Rate","READM_30_PN","0","77","0","13","","07/01/2011","06/30/2014"
"WI","Pneumonia (PN) 30-Day Readmission Rate","READM_30_PN","0","120","0","3","","07/01/2011","06/30/2014"
"WV","Pneumonia (PN) 30-Day Readmission Rate","READM_30_PN","6","47","0","0","","07/01/2011","06/30/2014"
"WY","Pneumonia (PN) 30-Day Readmission Rate","READM_30_PN","0","24","0","5","","07/01/2011","06/30/2014"
"AK","Rate of readmission after hip/knee surgery","READM_30_HIP_KNEE","0","8","0","1","","07/01/2011","06/30/2014"
"AL","Rate of readmission after hip/knee surgery","READM_30_HIP_KNEE","2","44","0","10","","07/01/2011","06/30/2014"
"AR","Rate of readmission after hip/knee surgery","READM_30_HIP_KNEE","3","25","0","9","","07/01/2011","06/30/2014"
"AS","Rate of readmission after hip/knee surgery","READM_30_HIP_KNEE","0","0","0","0","","07/01/2011","06/30/2014"
"AZ","Rate of readmission after hip/knee surgery","READM_30_HIP_KNEE","0","44","3","9","","07/01/2011","06/30/2014"
"CA","Rate of readmission after hip/knee surgery","READM_30_HIP_KNEE","0","202","9","86","","07/01/2011","06/30/2014"
"CO","Rate of readmission after hip/knee surgery","READM_30_HIP_KNEE","1","49","0","7","","07/01/2011","06/30/2014"
"CT","Rate of readmission after hip/knee surgery","READM_30_HIP_KNEE","0","27","1","1","","07/01/2011","06/30/2014"
"DC","Rate of readmission after hip/knee surgery","READM_30_HIP_KNEE","1","4","0","2","","07/01/2011","06/30/2014"
"DE","Rate of readmission after hip/knee surgery","READM_30_HIP_KNEE","0","5","0","1","","07/01/2011","06/30/2014"
"FL","Rate of readmission after hip/knee surgery","READM_30_HIP_KNEE","4","144","1","16","","07/01/2011","06/30/2014"
"GA","Rate of readmission after hip/knee surgery","READM_30_HIP_KNEE","2","72","2","18","","07/01/2011","06/30/2014"
"GU","Rate of readmission after hip/knee surgery","READM_30_HIP_KNEE","0","0","0","0","","07/01/2011","06/30/2014"
"HI","Rate of readmission after hip/knee surgery","READM_30_HIP_KNEE","0","8","0","6","","07/01/2011","06/30/2014"
"IA","Rate of readmission after hip/knee surgery","READM_30_HIP_KNEE","0","51","1","16","","07/01/2011","06/30/2014"
"ID","Rate of readmission after hip/knee surgery","READM_30_HIP_KNEE","0","24","0","4","","07/01/2011","06/30/2014"
"IL","Rate of readmission after hip/knee surgery","READM_30_HIP_KNEE","3","112","1","23","","07/01/2011","06/30/2014"
"IN","Rate of readmission after hip/knee surgery","READM_30_HIP_KNEE","1","79","2","28","","07/01/2011","06/30/2014"
"KS","Rate of readmission after hip/knee surgery","READM_30_HIP_KNEE","0","43","2","11","","07/01/2011","06/30/2014"
"KY","Rate of readmission after hip/knee surgery","READM_30_HIP_KNEE","1","41","1","14","","07/01/2011","06/30/2014"
"LA","Rate of readmission after hip/knee surgery","READM_30_HIP_KNEE","0","55","0","19","","07/01/2011","06/30/2014"
"MA","Rate of readmission after hip/knee surgery","READM_30_HIP_KNEE","0","54","3","3","","07/01/2011","06/30/2014"
"MD","Rate of readmission after hip/knee surgery","READM_30_HIP_KNEE","1","41","0","4","","07/01/2011","06/30/2014"
"ME","Rate of readmission after hip/knee surgery","READM_30_HIP_KNEE","0","27","0","6","","07/01/2011","06/30/2014"
"MI","Rate of readmission after hip/knee surgery","READM_30_HIP_KNEE","0","97","1","18","","07/01/2011","06/30/2014"
"MN","Rate of readmission after hip/knee surgery","READM_30_HIP_KNEE","0","63","0","22","","07/01/2011","06/30/2014"
"MO","Rate of readmission after hip/knee surgery","READM_30_HIP_KNEE","1","66","2","10","","07/01/2011","06/30/2014"
"MP","Rate of readmission after hip/knee surgery","READM_30_HIP_KNEE","0","0","0","0","","07/01/2011","06/30/2014"
"MS","Rate of readmission after hip/knee surgery","READM_30_HIP_KNEE","0","28","0","8","","07/01/2011","06/30/2014"
"MT","Rate of readmission after hip/knee surgery","READM_30_HIP_KNEE","0","20","0","6","","07/01/2011","06/30/2014"
"NC","Rate of readmission after hip/knee surgery","READM_30_HIP_KNEE","1","81","1","7","","07/01/2011","06/30/2014"
"ND","Rate of readmission after hip/knee surgery","READM_30_HIP_KNEE","0","9","0","0","","07/01/2011","06/30/2014"
"NE","Rate of readmission after hip/knee surgery","READM_30_HIP_KNEE","0","37","1","13","","07/01/2011","06/30/2014"
"NH","Rate of readmission after hip/knee surgery","READM_30_HIP_KNEE","0","23","0","1","","07/01/2011","06/30/2014"
"NJ","Rate of readmission after hip/knee surgery","READM_30_HIP_KNEE","1","50","0","12","","07/01/2011","06/30/2014"
"NM","Rate of readmission after hip/knee surgery","READM_30_HIP_KNEE","0","20","0","7","","07/01/2011","06/30/2014"
"NV","Rate of readmission after hip/knee surgery","READM_30_HIP_KNEE","0","23","0","1","","07/01/2011","06/30/2014"
"NY","Rate of readmission after hip/knee surgery","READM_30_HIP_KNEE","1","112","1","37","","07/01/2011","06/30/2014"
"OH","Rate of readmission after hip/knee surgery","READM_30_HIP_KNEE","2","130","2","23","","07/01/2011","06/30/2014"
"OK","Rate of readmission after hip/knee surgery","READM_30_HIP_KNEE","1","47","2","16","","07/01/2011","06/30/2014"
"OR","Rate of readmission after hip/knee surgery","READM_30_HIP_KNEE","0","38","1","11","","07/01/2011","06/30/2014"
"PA","Rate of readmission after hip/knee surgery","READM_30_HIP_KNEE","6","124","1","25","","07/01/2011","06/30/2014"
"PR","Rate of readmission after hip/knee surgery","READM_30_HIP_KNEE","0","7","0","26","","07/01/2011","06/30/2014"
"RI","Rate of readmission after hip/knee surgery","READM_30_HIP_KNEE","0","9","0","1","","07/01/2011","06/30/2014"
"SC","Rate of readmission after hip/knee surgery","READM_30_HIP_KNEE","1","42","1","12","","07/01/2011","06/30/2014"
"SD","Rate of readmission after hip/knee surgery","READM_30_HIP_KNEE","0","18","0","2","","07/01/2011","06/30/2014"
"TN","Rate of readmission after hip/knee surgery","READM_30_HIP_KNEE","0","52","3","20","","07/01/2011","06/30/2014"
"TX","Rate of readmission after hip/knee surgery","READM_30_HIP_KNEE","3","203","3","52","","07/01/2011","06/30/2014"
"UT","Rate of readmission after hip/knee surgery","READM_30_HIP_KNEE","0","30","0","4","","07/01/2011","06/30/2014"
"VA","Rate of readmission after hip/knee surgery","READM_30_HIP_KNEE","10","50","1","10","","07/01/2011","06/30/2014"
"VI","Rate of readmission after hip/knee surgery","READM_30_HIP_KNEE","0","1","0","1","","07/01/2011","06/30/2014"
"VT","Rate of readmission after hip/knee surgery","READM_30_HIP_KNEE","0","12","0","0","","07/01/2011","06/30/2014"
"WA","Rate of readmission after hip/knee surgery","READM_30_HIP_KNEE","0","53","2","7","","07/01/2011","06/30/2014"
"WI","Rate of readmission after hip/knee surgery","READM_30_HIP_KNEE","3","79","1","21","","07/01/2011","06/30/2014"
"WV","Rate of readmission after hip/knee surgery","READM_30_HIP_KNEE","0","24","0","8","","07/01/2011","06/30/2014"
"WY","Rate of readmission after hip/knee surgery","READM_30_HIP_KNEE","0","14","0","4","","07/01/2011","06/30/2014"
"AK","Rate of readmission after discharge from hospital (hospital-wide)","READM_30_HOSP_WIDE","0","19","1","2","","07/01/2013","06/30/2014"
"AL","Rate of readmission after discharge from hospital (hospital-wide)","READM_30_HOSP_WIDE","2","86","1","1","","07/01/2013","06/30/2014"
"AR","Rate of readmission after discharge from hospital (hospital-wide)","READM_30_HOSP_WIDE","10","63","1","0","","07/01/2013","06/30/2014"
"AS","Rate of readmission after discharge from hospital (hospital-wide)","READM_30_HOSP_WIDE","0","1","0","0","","07/01/2013","06/30/2014"
"AZ","Rate of readmission after discharge from hospital (hospital-wide)","READM_30_HOSP_WIDE","1","68","4","4","","07/01/2013","06/30/2014"
"CA","Rate of readmission after discharge from hospital (hospital-wide)","READM_30_HOSP_WIDE","16","286","20","12","","07/01/2013","06/30/2014"
"CO","Rate of readmission after discharge from hospital (hospital-wide)","READM_30_HOSP_WIDE","0","66","7","3","","07/01/2013","06/30/2014"
"CT","Rate of readmission after discharge from hospital (hospital-wide)","READM_30_HOSP_WIDE","2","27","1","1","","07/01/2013","06/30/2014"
"DC","Rate of readmission after discharge from hospital (hospital-wide)","READM_30_HOSP_WIDE","2","5","0","0","","07/01/2013","06/30/2014"
"DE","Rate of readmission after discharge from hospital (hospital-wide)","READM_30_HOSP_WIDE","1","5","0","0","","07/01/2013","06/30/2014"
"FL","Rate of readmission after discharge from hospital (hospital-wide)","READM_30_HOSP_WIDE","49","129","4","2","","07/01/2013","06/30/2014"
"GA","Rate of readmission after discharge from hospital (hospital-wide)","READM_30_HOSP_WIDE","2","128","4","2","","07/01/2013","06/30/2014"
"GU","Rate of readmission after discharge from hospital (hospital-wide)","READM_30_HOSP_WIDE","0","1","0","0","","07/01/2013","06/30/2014"
"HI","Rate of readmission after discharge from hospital (hospital-wide)","READM_30_HOSP_WIDE","0","11","2","7","","07/01/2013","06/30/2014"
"IA","Rate of readmission after discharge from hospital (hospital-wide)","READM_30_HOSP_WIDE","0","111","4","1","","07/01/2013","06/30/2014"
"ID","Rate of readmission after discharge from hospital (hospital-wide)","READM_30_HOSP_WIDE","0","34","4","3","","07/01/2013","06/30/2014"
"IL","Rate of readmission after discharge from hospital (hospital-wide)","READM_30_HOSP_WIDE","22","148","6","1","","07/01/2013","06/30/2014"
"IN","Rate of readmission after discharge from hospital (hospital-wide)","READM_30_HOSP_WIDE","2","113","9","2","","07/01/2013","06/30/2014"
"KS","Rate of readmission after discharge from hospital (hospital-wide)","READM_30_HOSP_WIDE","1","122","5","9","","07/01/2013","06/30/2014"
"KY","Rate of readmission after discharge from hospital (hospital-wide)","READM_30_HOSP_WIDE","10","81","3","0","","07/01/2013","06/30/2014"
"LA","Rate of readmission after discharge from hospital (hospital-wide)","READM_30_HOSP_WIDE","7","103","1","12","","07/01/2013","06/30/2014"
"MA","Rate of readmission after discharge from hospital (hospital-wide)","READM_30_HOSP_WIDE","14","49","1","0","","07/01/2013","06/30/2014"
"MD","Rate of readmission after discharge from hospital (hospital-wide)","READM_30_HOSP_WIDE","10","34","2","0","","07/01/2013","06/30/2014"
"ME","Rate of readmission after discharge from hospital (hospital-wide)","READM_30_HOSP_WIDE","0","34","2","0","","07/01/2013","06/30/2014"
"MI","Rate of readmission after discharge from hospital (hospital-wide)","READM_30_HOSP_WIDE","22","96","8","4","","07/01/2013","06/30/2014"
"MN","Rate of readmission after discharge from hospital (hospital-wide)","READM_30_HOSP_WIDE","2","118","3","7","","07/01/2013","06/30/2014"
"MO","Rate of readmission after discharge from hospital (hospital-wide)","READM_30_HOSP_WIDE","6","104","1","2","","07/01/2013","06/30/2014"
"MP","Rate of readmission after discharge from hospital (hospital-wide)","READM_30_HOSP_WIDE","1","0","0","0","","07/01/2013","06/30/2014"
"MS","Rate of readmission after discharge from hospital (hospital-wide)","READM_30_HOSP_WIDE","6","83","0","9","","07/01/2013","06/30/2014"
"MT","Rate of readmission after discharge from hospital (hospital-wide)","READM_30_HOSP_WIDE","0","45","3","13","","07/01/2013","06/30/2014"
"NC","Rate of readmission after discharge from hospital (hospital-wide)","READM_30_HOSP_WIDE","9","92","6","2","","07/01/2013","06/30/2014"
"ND","Rate of readmission after discharge from hospital (hospital-wide)","READM_30_HOSP_WIDE","0","39","0","4","","07/01/2013","06/30/2014"
"NE","Rate of readmission after discharge from hospital (hospital-wide)","READM_30_HOSP_WIDE","1","79","4","6","","07/01/2013","06/30/2014"
"NH","Rate of readmission after discharge from hospital (hospital-wide)","READM_30_HOSP_WIDE","0","25","1","0","","07/01/2013","06/30/2014"
"NJ","Rate of readmission after discharge from hospital (hospital-wide)","READM_30_HOSP_WIDE","19","40","5","0","","07/01/2013","06/30/2014"
"NM","Rate of readmission after discharge from hospital (hospital-wide)","READM_30_HOSP_WIDE","2","35","2","2","","07/01/2013","06/30/2014"
"NV","Rate of readmission after discharge from hospital (hospital-wide)","READM_30_HOSP_WIDE","2","28","0","5","","07/01/2013","06/30/2014"
"NY","Rate of readmission after discharge from hospital (hospital-wide)","READM_30_HOSP_WIDE","55","108","2","5","","07/01/2013","06/30/2014"
"OH","Rate of readmission after discharge from hospital (hospital-wide)","READM_30_HOSP_WIDE","11","149","3","3","","07/01/2013","06/30/2014"
"OK","Rate of readmission after discharge from hospital (hospital-wide)","READM_30_HOSP_WIDE","2","114","3","5","","07/01/2013","06/30/2014"
"OR","Rate of readmission after discharge from hospital (hospital-wide)","READM_30_HOSP_WIDE","0","54","4","1","","07/01/2013","06/30/2014"
"PA","Rate of readmission after discharge from hospital (hospital-wide)","READM_30_HOSP_WIDE","17","141","4","5","","07/01/2013","06/30/2014"
"PR","Rate of readmission after discharge from hospital (hospital-wide)","READM_30_HOSP_WIDE","1","49","0","1","","07/01/2013","06/30/2014"
"RI","Rate of readmission after discharge from hospital (hospital-wide)","READM_30_HOSP_WIDE","1","10","0","0","","07/01/2013","06/30/2014"
"SC","Rate of readmission after discharge from hospital (hospital-wide)","READM_30_HOSP_WIDE","2","52","7","0","","07/01/2013","06/30/2014"
"SD","Rate of readmission after discharge from hospital (hospital-wide)","READM_30_HOSP_WIDE","0","52","3","5","","07/01/2013","06/30/2014"
"TN","Rate of readmission after discharge from hospital (hospital-wide)","READM_30_HOSP_WIDE","6","105","1","2","","07/01/2013","06/30/2014"
"TX","Rate of readmission after discharge from hospital (hospital-wide)","READM_30_HOSP_WIDE","9","354","12","23","","07/01/2013","06/30/2014"
"UT","Rate of readmission after discharge from hospital (hospital-wide)","READM_30_HOSP_WIDE","0","39","3","3","","07/01/2013","06/30/2014"
"VA","Rate of readmission after discharge from hospital (hospital-wide)","READM_30_HOSP_WIDE","9","68","2","5","","07/01/2013","06/30/2014"
"VI","Rate of readmission after discharge from hospital (hospital-wide)","READM_30_HOSP_WIDE","0","2","0","0","","07/01/2013","06/30/2014"
"VT","Rate of readmission after discharge from hospital (hospital-wide)","READM_30_HOSP_WIDE","0","13","1","0","","07/01/2013","06/30/2014"
"WA","Rate of readmission after discharge from hospital (hospital-wide)","READM_30_HOSP_WIDE","0","72","11","4","","07/01/2013","06/30/2014"
"WI","Rate of readmission after discharge from hospital (hospital-wide)","READM_30_HOSP_WIDE","0","116","7","0","","07/01/2013","06/30/2014"
"WV","Rate of readmission after discharge from hospital (hospital-wide)","READM_30_HOSP_WIDE","3","46","0","0","","07/01/2013","06/30/2014"
"WY","Rate of readmission after discharge from hospital (hospital-wide)","READM_30_HOSP_WIDE","0","26","0","1","","07/01/2013","06/30/2014"
"AK","Rate of unplanned readmission for chronic obstructive pulmonary disease (COPD) patients","READM_30_COPD","0","14","0","8","","07/01/2011","06/30/2014"
"AL","Rate of unplanned readmission for chronic obstructive pulmonary disease (COPD) patients","READM_30_COPD","0","82","0","12","","07/01/2011","06/30/2014"
"AR","Rate of unplanned readmission for chronic obstructive pulmonary disease (COPD) patients","READM_30_COPD","0","67","0","6","","07/01/2011","06/30/2014"
"AS","Rate of unplanned readmission for chronic obstructive pulmonary disease (COPD) patients","READM_30_COPD","0","0","0","1","","07/01/2011","06/30/2014"
"AZ","Rate of unplanned readmission for chronic obstructive pulmonary disease (COPD) patients","READM_30_COPD","0","58","0","17","","07/01/2011","06/30/2014"
"CA","Rate of unplanned readmission for chronic obstructive pulmonary disease (COPD) patients","READM_30_COPD","1","262","0","70","","07/01/2011","06/30/2014"
"CO","Rate of unplanned readmission for chronic obstructive pulmonary disease (COPD) patients","READM_30_COPD","0","48","0","27","","07/01/2011","06/30/2014"
"CT","Rate of unplanned readmission for chronic obstructive pulmonary disease (COPD) patients","READM_30_COPD","1","28","1","1","","07/01/2011","06/30/2014"
"DC","Rate of unplanned readmission for chronic obstructive pulmonary disease (COPD) patients","READM_30_COPD","1","6","0","0","","07/01/2011","06/30/2014"
"DE","Rate of unplanned readmission for chronic obstructive pulmonary disease (COPD) patients","READM_30_COPD","0","6","0","0","","07/01/2011","06/30/2014"
"FL","Rate of unplanned readmission for chronic obstructive pulmonary disease (COPD) patients","READM_30_COPD","5","168","3","8","","07/01/2011","06/30/2014"
"GA","Rate of unplanned readmission for chronic obstructive pulmonary disease (COPD) patients","READM_30_COPD","1","116","0","25","","07/01/2011","06/30/2014"
"GU","Rate of unplanned readmission for chronic obstructive pulmonary disease (COPD) patients","READM_30_COPD","0","1","0","0","","07/01/2011","06/30/2014"
"HI","Rate of unplanned readmission for chronic obstructive pulmonary disease (COPD) patients","READM_30_COPD","0","12","0","6","","07/01/2011","06/30/2014"
"IA","Rate of unplanned readmission for chronic obstructive pulmonary disease (COPD) patients","READM_30_COPD","0","83","0","33","","07/01/2011","06/30/2014"
"ID","Rate of unplanned readmission for chronic obstructive pulmonary disease (COPD) patients","READM_30_COPD","0","22","1","16","","07/01/2011","06/30/2014"
"IL","Rate of unplanned readmission for chronic obstructive pulmonary disease (COPD) patients","READM_30_COPD","7","163","3","5","","07/01/2011","06/30/2014"
"IN","Rate of unplanned readmission for chronic obstructive pulmonary disease (COPD) patients","READM_30_COPD","3","110","2","5","","07/01/2011","06/30/2014"
"KS","Rate of unplanned readmission for chronic obstructive pulmonary disease (COPD) patients","READM_30_COPD","0","78","0","50","","07/01/2011","06/30/2014"
"KY","Rate of unplanned readmission for chronic obstructive pulmonary disease (COPD) patients","READM_30_COPD","9","85","0","0","","07/01/2011","06/30/2014"
"LA","Rate of unplanned readmission for chronic obstructive pulmonary disease (COPD) patients","READM_30_COPD","0","84","1","24","","07/01/2011","06/30/2014"
"MA","Rate of unplanned readmission for chronic obstructive pulmonary disease (COPD) patients","READM_30_COPD","2","59","0","2","","07/01/2011","06/30/2014"
"MD","Rate of unplanned readmission for chronic obstructive pulmonary disease (COPD) patients","READM_30_COPD","2","43","1","1","","07/01/2011","06/30/2014"
"ME","Rate of unplanned readmission for chronic obstructive pulmonary disease (COPD) patients","READM_30_COPD","0","35","0","1","","07/01/2011","06/30/2014"
"MI","Rate of unplanned readmission for chronic obstructive pulmonary disease (COPD) patients","READM_30_COPD","2","115","3","6","","07/01/2011","06/30/2014"
"MN","Rate of unplanned readmission for chronic obstructive pulmonary disease (COPD) patients","READM_30_COPD","0","62","0","68","","07/01/2011","06/30/2014"
"MO","Rate of unplanned readmission for chronic obstructive pulmonary disease (COPD) patients","READM_30_COPD","2","106","0","6","","07/01/2011","06/30/2014"
"MP","Rate of unplanned readmission for chronic obstructive pulmonary disease (COPD) patients","READM_30_COPD","0","1","0","0","","07/01/2011","06/30/2014"
"MS","Rate of unplanned readmission for chronic obstructive pulmonary disease (COPD) patients","READM_30_COPD","2","77","0","15","","07/01/2011","06/30/2014"
"MT","Rate of unplanned readmission for chronic obstructive pulmonary disease (COPD) patients","READM_30_COPD","0","24","0","34","","07/01/2011","06/30/2014"
"NC","Rate of unplanned readmission for chronic obstructive pulmonary disease (COPD) patients","READM_30_COPD","1","98","1","7","","07/01/2011","06/30/2014"
"ND","Rate of unplanned readmission for chronic obstructive pulmonary disease (COPD) patients","READM_30_COPD","0","19","0","24","","07/01/2011","06/30/2014"
"NE","Rate of unplanned readmission for chronic obstructive pulmonary disease (COPD) patients","READM_30_COPD","0","42","0","42","","07/01/2011","06/30/2014"
"NH","Rate of unplanned readmission for chronic obstructive pulmonary disease (COPD) patients","READM_30_COPD","0","26","0","0","","07/01/2011","06/30/2014"
"NJ","Rate of unplanned readmission for chronic obstructive pulmonary disease (COPD) patients","READM_30_COPD","5","59","0","1","","07/01/2011","06/30/2014"
"NM","Rate of unplanned readmission for chronic obstructive pulmonary disease (COPD) patients","READM_30_COPD","0","31","1","9","","07/01/2011","06/30/2014"
"NV","Rate of unplanned readmission for chronic obstructive pulmonary disease (COPD) patients","READM_30_COPD","0","26","0","6","","07/01/2011","06/30/2014"
"NY","Rate of unplanned readmission for chronic obstructive pulmonary disease (COPD) patients","READM_30_COPD","13","152","1","7","","07/01/2011","06/30/2014"
"OH","Rate of unplanned readmission for chronic obstructive pulmonary disease (COPD) patients","READM_30_COPD","7","144","1","8","","07/01/2011","06/30/2014"
"OK","Rate of unplanned readmission for chronic obstructive pulmonary disease (COPD) patients","READM_30_COPD","3","88","0","24","","07/01/2011","06/30/2014"
"OR","Rate of unplanned readmission for chronic obstructive pulmonary disease (COPD) patients","READM_30_COPD","0","50","0","9","","07/01/2011","06/30/2014"
"PA","Rate of unplanned readmission for chronic obstructive pulmonary disease (COPD) patients","READM_30_COPD","3","148","0","9","","07/01/2011","06/30/2014"
"PR","Rate of unplanned readmission for chronic obstructive pulmonary disease (COPD) patients","READM_30_COPD","0","17","0","29","","07/01/2011","06/30/2014"
"RI","Rate of unplanned readmission for chronic obstructive pulmonary disease (COPD) patients","READM_30_COPD","0","10","0","1","","07/01/2011","06/30/2014"
"SC","Rate of unplanned readmission for chronic obstructive pulmonary disease (COPD) patients","READM_30_COPD","0","56","0","7","","07/01/2011","06/30/2014"
"SD","Rate of unplanned readmission for chronic obstructive pulmonary disease (COPD) patients","READM_30_COPD","0","21","0","32","","07/01/2011","06/30/2014"
"TN","Rate of unplanned readmission for chronic obstructive pulmonary disease (COPD) patients","READM_30_COPD","3","100","1","12","","07/01/2011","06/30/2014"
"TX","Rate of unplanned readmission for chronic obstructive pulmonary disease (COPD) patients","READM_30_COPD","3","289","6","75","","07/01/2011","06/30/2014"
"UT","Rate of unplanned readmission for chronic obstructive pulmonary disease (COPD) patients","READM_30_COPD","0","17","0","23","","07/01/2011","06/30/2014"
"VA","Rate of unplanned readmission for chronic obstructive pulmonary disease (COPD) patients","READM_30_COPD","4","75","0","5","","07/01/2011","06/30/2014"
"VI","Rate of unplanned readmission for chronic obstructive pulmonary disease (COPD) patients","READM_30_COPD","0","2","0","0","","07/01/2011","06/30/2014"
"VT","Rate of unplanned readmission for chronic obstructive pulmonary disease (COPD) patients","READM_30_COPD","0","13","0","1","","07/01/2011","06/30/2014"
"WA","Rate of unplanned readmission for chronic obstructive pulmonary disease (COPD) patients","READM_30_COPD","0","67","1","17","","07/01/2011","06/30/2014"
"WI","Rate of unplanned readmission for chronic obstructive pulmonary disease (COPD) patients","READM_30_COPD","0","103","0","17","","07/01/2011","06/30/2014"
"WV","Rate of unplanned readmission for chronic obstructive pulmonary disease (COPD) patients","READM_30_COPD","3","45","0","1","","07/01/2011","06/30/2014"
"WY","Rate of unplanned readmission for chronic obstructive pulmonary disease (COPD) patients","READM_30_COPD","0","17","0","10","","07/01/2011","06/30/2014"
"AK","Rate of unplanned readmission for stroke patients","READM_30_STK","0","7","0","12","","07/01/2011","06/30/2014"
"AL","Rate of unplanned readmission for stroke patients","READM_30_STK","0","65","0","28","","07/01/2011","06/30/2014"
"AR","Rate of unplanned readmission for stroke patients","READM_30_STK","1","46","0","25","","07/01/2011","06/30/2014"
"AS","Rate of unplanned readmission for stroke patients","READM_30_STK","0","0","0","1","","07/01/2011","06/30/2014"
"AZ","Rate of unplanned readmission for stroke patients","READM_30_STK","0","43","0","24","","07/01/2011","06/30/2014"
"CA","Rate of unplanned readmission for stroke patients","READM_30_STK","2","232","3","85","","07/01/2011","06/30/2014"
"CO","Rate of unplanned readmission for stroke patients","READM_30_STK","0","34","2","34","","07/01/2011","06/30/2014"
"CT","Rate of unplanned readmission for stroke patients","READM_30_STK","0","29","0","1","","07/01/2011","06/30/2014"
"DC","Rate of unplanned readmission for stroke patients","READM_30_STK","3","4","0","0","","07/01/2011","06/30/2014"
"DE","Rate of unplanned readmission for stroke patients","READM_30_STK","0","5","1","0","","07/01/2011","06/30/2014"
"FL","Rate of unplanned readmission for stroke patients","READM_30_STK","6","146","2","26","","07/01/2011","06/30/2014"
"GA","Rate of unplanned readmission for stroke patients","READM_30_STK","0","71","1","66","","07/01/2011","06/30/2014"
"GU","Rate of unplanned readmission for stroke patients","READM_30_STK","0","1","0","0","","07/01/2011","06/30/2014"
"HI","Rate of unplanned readmission for stroke patients","READM_30_STK","0","12","0","4","","07/01/2011","06/30/2014"
"IA","Rate of unplanned readmission for stroke patients","READM_30_STK","0","45","1","68","","07/01/2011","06/30/2014"
"ID","Rate of unplanned readmission for stroke patients","READM_30_STK","0","12","0","23","","07/01/2011","06/30/2014"
"IL","Rate of unplanned readmission for stroke patients","READM_30_STK","5","113","0","56","","07/01/2011","06/30/2014"
"IN","Rate of unplanned readmission for stroke patients","READM_30_STK","3","75","2","39","","07/01/2011","06/30/2014"
"KS","Rate of unplanned readmission for stroke patients","READM_30_STK","1","33","0","84","","07/01/2011","06/30/2014"
"KY","Rate of unplanned readmission for stroke patients","READM_30_STK","1","48","0","43","","07/01/2011","06/30/2014"
"LA","Rate of unplanned readmission for stroke patients","READM_30_STK","0","50","0","54","","07/01/2011","06/30/2014"
"MA","Rate of unplanned readmission for stroke patients","READM_30_STK","3","52","0","8","","07/01/2011","06/30/2014"
"MD","Rate of unplanned readmission for stroke patients","READM_30_STK","2","43","0","1","","07/01/2011","06/30/2014"
"ME","Rate of unplanned readmission for stroke patients","READM_30_STK","0","26","0","10","","07/01/2011","06/30/2014"
"MI","Rate of unplanned readmission for stroke patients","READM_30_STK","4","85","2","31","","07/01/2011","06/30/2014"
"MN","Rate of unplanned readmission for stroke patients","READM_30_STK","0","39","0","84","","07/01/2011","06/30/2014"
"MO","Rate of unplanned readmission for stroke patients","READM_30_STK","1","55","1","54","","07/01/2011","06/30/2014"
"MP","Rate of unplanned readmission for stroke patients","READM_30_STK","0","0","0","1","","07/01/2011","06/30/2014"
"MS","Rate of unplanned readmission for stroke patients","READM_30_STK","1","47","0","40","","07/01/2011","06/30/2014"
"MT","Rate of unplanned readmission for stroke patients","READM_30_STK","0","15","0","32","","07/01/2011","06/30/2014"
"NC","Rate of unplanned readmission for stroke patients","READM_30_STK","1","86","1","14","","07/01/2011","06/30/2014"
"ND","Rate of unplanned readmission for stroke patients","READM_30_STK","0","7","0","30","","07/01/2011","06/30/2014"
"NE","Rate of unplanned readmission for stroke patients","READM_30_STK","0","23","0","57","","07/01/2011","06/30/2014"
"NH","Rate of unplanned readmission for stroke patients","READM_30_STK","0","20","0","6","","07/01/2011","06/30/2014"
"NJ","Rate of unplanned readmission for stroke patients","READM_30_STK","4","58","0","3","","07/01/2011","06/30/2014"
"NM","Rate of unplanned readmission for stroke patients","READM_30_STK","0","19","0","20","","07/01/2011","06/30/2014"
"NV","Rate of unplanned readmission for stroke patients","READM_30_STK","0","17","0","13","","07/01/2011","06/30/2014"
"NY","Rate of unplanned readmission for stroke patients","READM_30_STK","7","126","0","36","","07/01/2011","06/30/2014"
"OH","Rate of unplanned readmission for stroke patients","READM_30_STK","2","105","0","50","","07/01/2011","06/30/2014"
"OK","Rate of unplanned readmission for stroke patients","READM_30_STK","1","43","0","60","","07/01/2011","06/30/2014"
"OR","Rate of unplanned readmission for stroke patients","READM_30_STK","0","39","0","19","","07/01/2011","06/30/2014"
"PA","Rate of unplanned readmission for stroke patients","READM_30_STK","3","119","0","35","","07/01/2011","06/30/2014"
"PR","Rate of unplanned readmission for stroke patients","READM_30_STK","0","15","0","32","","07/01/2011","06/30/2014"
"RI","Rate of unplanned readmission for stroke patients","READM_30_STK","0","10","0","0","","07/01/2011","06/30/2014"
"SC","Rate of unplanned readmission for stroke patients","READM_30_STK","1","46","0","14","","07/01/2011","06/30/2014"
"SD","Rate of unplanned readmission for stroke patients","READM_30_STK","0","12","0","33","","07/01/2011","06/30/2014"
"TN","Rate of unplanned readmission for stroke patients","READM_30_STK","0","69","0","43","","07/01/2011","06/30/2014"
"TX","Rate of unplanned readmission for stroke patients","READM_30_STK","2","187","0","148","","07/01/2011","06/30/2014"
"UT","Rate of unplanned readmission for stroke patients","READM_30_STK","0","13","1","24","","07/01/2011","06/30/2014"
"VA","Rate of unplanned readmission for stroke patients","READM_30_STK","4","65","0","11","","07/01/2011","06/30/2014"
"VI","Rate of unplanned readmission for stroke patients","READM_30_STK","0","2","0","0","","07/01/2011","06/30/2014"
"VT","Rate of unplanned readmission for stroke patients","READM_30_STK","0","12","0","2","","07/01/2011","06/30/2014"
"WA","Rate of unplanned readmission for stroke patients","READM_30_STK","0","54","2","29","","07/01/2011","06/30/2014"
"WI","Rate of unplanned readmission for stroke patients","READM_30_STK","0","73","0","46","","07/01/2011","06/30/2014"
"WV","Rate of unplanned readmission for stroke patients","READM_30_STK","0","25","0","23","","07/01/2011","06/30/2014"
"WY","Rate of unplanned readmission for stroke patients","READM_30_STK","0","7","0","18","","07/01/2011","06/30/2014"
"AK","Rate of unplanned readmission for CABG","READM_30_CABG","0","2","0","0","","07/01/2011","06/30/2014"
"AL","Rate of unplanned readmission for CABG","READM_30_CABG","0","22","0","1","","07/01/2011","06/30/2014"
"AR","Rate of unplanned readmission for CABG","READM_30_CABG","1","16","0","1","","07/01/2011","06/30/2014"
"AS","Rate of unplanned readmission for CABG","READM_30_CABG","0","0","0","0","","07/01/2011","06/30/2014"
"AZ","Rate of unplanned readmission for CABG","READM_30_CABG","0","28","0","1","","07/01/2011","06/30/2014"
"CA","Rate of unplanned readmission for CABG","READM_30_CABG","0","99","1","25","","07/01/2011","06/30/2014"
"CO","Rate of unplanned readmission for CABG","READM_30_CABG","0","14","0","4","","07/01/2011","06/30/2014"
"CT","Rate of unplanned readmission for CABG","READM_30_CABG","0","11","0","0","","07/01/2011","06/30/2014"
"DC","Rate of unplanned readmission for CABG","READM_30_CABG","0","1","1","2","","07/01/2011","06/30/2014"
"DE","Rate of unplanned readmission for CABG","READM_30_CABG","0","3","0","1","","07/01/2011","06/30/2014"
"FL","Rate of unplanned readmission for CABG","READM_30_CABG","3","71","0","3","","07/01/2011","06/30/2014"
"GA","Rate of unplanned readmission for CABG","READM_30_CABG","1","17","0","2","","07/01/2011","06/30/2014"
"GU","Rate of unplanned readmission for CABG","READM_30_CABG","0","0","0","0","","07/01/2011","06/30/2014"
"HI","Rate of unplanned readmission for CABG","READM_30_CABG","0","4","0","3","","07/01/2011","06/30/2014"
"IA","Rate of unplanned readmission for CABG","READM_30_CABG","0","11","0","1","","07/01/2011","06/30/2014"
"ID","Rate of unplanned readmission for CABG","READM_30_CABG","0","5","0","0","","07/01/2011","06/30/2014"
"IL","Rate of unplanned readmission for CABG","READM_30_CABG","0","56","0","10","","07/01/2011","06/30/2014"
"IN","Rate of unplanned readmission for CABG","READM_30_CABG","1","32","0","6","","07/01/2011","06/30/2014"
"KS","Rate of unplanned readmission for CABG","READM_30_CABG","0","15","0","2","","07/01/2011","06/30/2014"
"KY","Rate of unplanned readmission for CABG","READM_30_CABG","0","17","0","2","","07/01/2011","06/30/2014"
"LA","Rate of unplanned readmission for CABG","READM_30_CABG","0","27","0","6","","07/01/2011","06/30/2014"
"MA","Rate of unplanned readmission for CABG","READM_30_CABG","1","13","0","0","","07/01/2011","06/30/2014"
"MD","Rate of unplanned readmission for CABG","READM_30_CABG","0","10","0","2","","07/01/2011","06/30/2014"
"ME","Rate of unplanned readmission for CABG","READM_30_CABG","0","3","0","0","","07/01/2011","06/30/2014"
"MI","Rate of unplanned readmission for CABG","READM_30_CABG","1","32","0","0","","07/01/2011","06/30/2014"
"MN","Rate of unplanned readmission for CABG","READM_30_CABG","0","13","0","1","","07/01/2011","06/30/2014"
"MO","Rate of unplanned readmission for CABG","READM_30_CABG","1","30","0","3","","07/01/2011","06/30/2014"
"MP","Rate of unplanned readmission for CABG","READM_30_CABG","0","0","0","0","","07/01/2011","06/30/2014"
"MS","Rate of unplanned readmission for CABG","READM_30_CABG","0","17","0","1","","07/01/2011","06/30/2014"
"MT","Rate of unplanned readmission for CABG","READM_30_CABG","0","5","0","0","","07/01/2011","06/30/2014"
"NC","Rate of unplanned readmission for CABG","READM_30_CABG","0","22","0","1","","07/01/2011","06/30/2014"
"ND","Rate of unplanned readmission for CABG","READM_30_CABG","0","6","0","0","","07/01/2011","06/30/2014"
"NE","Rate of unplanned readmission for CABG","READM_30_CABG","0","8","0","1","","07/01/2011","06/30/2014"
"NH","Rate of unplanned readmission for CABG","READM_30_CABG","0","4","0","0","","07/01/2011","06/30/2014"
"NJ","Rate of unplanned readmission for CABG","READM_30_CABG","0","16","1","1","","07/01/2011","06/30/2014"
"NM","Rate of unplanned readmission for CABG","READM_30_CABG","0","4","0","2","","07/01/2011","06/30/2014"
"NV","Rate of unplanned readmission for CABG","READM_30_CABG","1","11","0","0","","07/01/2011","06/30/2014"
"NY","Rate of unplanned readmission for CABG","READM_30_CABG","0","34","0","4","","07/01/2011","06/30/2014"
"OH","Rate of unplanned readmission for CABG","READM_30_CABG","1","49","0","7","","07/01/2011","06/30/2014"
"OK","Rate of unplanned readmission for CABG","READM_30_CABG","0","15","0","2","","07/01/2011","06/30/2014"
"OR","Rate of unplanned readmission for CABG","READM_30_CABG","0","11","1","2","","07/01/2011","06/30/2014"
"PA","Rate of unplanned readmission for CABG","READM_30_CABG","0","58","0","3","","07/01/2011","06/30/2014"
"PR","Rate of unplanned readmission for CABG","READM_30_CABG","0","2","0","7","","07/01/2011","06/30/2014"
"RI","Rate of unplanned readmission for CABG","READM_30_CABG","0","1","0","1","","07/01/2011","06/30/2014"
"SC","Rate of unplanned readmission for CABG","READM_30_CABG","0","17","0","0","","07/01/2011","06/30/2014"
"SD","Rate of unplanned readmission for CABG","READM_30_CABG","0","3","0","0","","07/01/2011","06/30/2014"
"TN","Rate of unplanned readmission for CABG","READM_30_CABG","0","22","0","1","","07/01/2011","06/30/2014"
"TX","Rate of unplanned readmission for CABG","READM_30_CABG","0","104","1","29","","07/01/2011","06/30/2014"
"UT","Rate of unplanned readmission for CABG","READM_30_CABG","0","8","0","1","","07/01/2011","06/30/2014"
"VA","Rate of unplanned readmission for CABG","READM_30_CABG","1","19","0","0","","07/01/2011","06/30/2014"
"VI","Rate of unplanned readmission for CABG","READM_30_CABG","0","0","0","0","","07/01/2011","06/30/2014"
"VT","Rate of unplanned readmission for CABG","READM_30_CABG","0","1","0","0","","07/01/2011","06/30/2014"
"WA","Rate of unplanned readmission for CABG","READM_30_CABG","0","16","1","0","","07/01/2011","06/30/2014"
"WI","Rate of unplanned readmission for CABG","READM_30_CABG","0","27","0","2","","07/01/2011","06/30/2014"
"WV","Rate of unplanned readmission for CABG","READM_30_CABG","0","6","0","0","","07/01/2011","06/30/2014"
"WY","Rate of unplanned readmission for CABG","READM_30_CABG","0","2","0","0","","07/01/2011","06/30/2014"
